voltage_V,current_A,resistance_ohm,filament_length_nm,ag_ion_fraction
-5.000000000000000000e-01,-4.999974535338795435e-06,1.000005092958179011e+05,0.000000000000000000e+00,0.000000000000000000e+00
-4.979959919839679339e-01,-4.979934557241245418e-06,1.000005092958179011e+05,0.000000000000000000e+00,0.000000000000000000e+00
-4.959919839679358677e-01,-4.959894579143694553e-06,1.000005092958179011e+05,0.000000000000000000e+00,0.000000000000000000e+00
-4.939879759519038016e-01,-4.939854601046144536e-06,1.000005092958179011e+05,0.000000000000000000e+00,0.000000000000000000e+00
-4.919839679358717355e-01,-4.919814622948594518e-06,1.000005092958179011e+05,0.000000000000000000e+00,0.000000000000000000e+00
-4.899799599198396693e-01,-4.899774644851043653e-06,1.000005092958179011e+05,0.000000000000000000e+00,0.000000000000000000e+00
-4.879759519038076032e-01,-4.879734666753493636e-06,1.000005092958179011e+05,0.000000000000000000e+00,0.000000000000000000e+00
-4.859719438877755371e-01,-4.859694688655943618e-06,1.000005092958179011e+05,0.000000000000000000e+00,0.000000000000000000e+00
-4.839679358717434710e-01,-4.839654710558392754e-06,1.000005092958179011e+05,0.000000000000000000e+00,0.000000000000000000e+00
-4.819639278557114048e-01,-4.819614732460842736e-06,1.000005092958179011e+05,0.000000000000000000e+00,0.000000000000000000e+00
-4.799599198396793387e-01,-4.799574754363292719e-06,1.000005092958179011e+05,0.000000000000000000e+00,0.000000000000000000e+00
-4.779559118236472726e-01,-4.779534776265741854e-06,1.000005092958179011e+05,0.000000000000000000e+00,0.000000000000000000e+00
-4.759519038076152064e-01,-4.759494798168191837e-06,1.000005092958179011e+05,0.000000000000000000e+00,0.000000000000000000e+00
-4.739478957915831403e-01,-4.739454820070641819e-06,1.000005092958179011e+05,0.000000000000000000e+00,0.000000000000000000e+00
-4.719438877755511297e-01,-4.719414841973091802e-06,1.000005092958179011e+05,0.000000000000000000e+00,0.000000000000000000e+00
-4.699398797595190636e-01,-4.699374863875541784e-06,1.000005092958179011e+05,0.000000000000000000e+00,0.000000000000000000e+00
-4.679358717434869974e-01,-4.679334885777990920e-06,1.000005092958179011e+05,0.000000000000000000e+00,0.000000000000000000e+00
-4.659318637274549313e-01,-4.659294907680440902e-06,1.000005092958179011e+05,0.000000000000000000e+00,0.000000000000000000e+00
-4.639278557114228652e-01,-4.639254929582890885e-06,1.000005092958179011e+05,0.000000000000000000e+00,0.000000000000000000e+00
-4.619238476953907990e-01,-4.619214951485340020e-06,1.000005092958179011e+05,0.000000000000000000e+00,0.000000000000000000e+00
-4.599198396793587329e-01,-4.599174973387790003e-06,1.000005092958179011e+05,0.000000000000000000e+00,0.000000000000000000e+00
-4.579158316633266668e-01,-4.579134995290239985e-06,1.000005092958179011e+05,0.000000000000000000e+00,0.000000000000000000e+00
-4.559118236472946006e-01,-4.559095017192689121e-06,1.000005092958179011e+05,0.000000000000000000e+00,0.000000000000000000e+00
-4.539078156312625345e-01,-4.539055039095139103e-06,1.000005092958179011e+05,0.000000000000000000e+00,0.000000000000000000e+00
-4.519038076152304684e-01,-4.519015060997589086e-06,1.000005092958179011e+05,0.000000000000000000e+00,0.000000000000000000e+00
-4.498997995991984022e-01,-4.498975082900038221e-06,1.000005092958179011e+05,0.000000000000000000e+00,0.000000000000000000e+00
-4.478957915831663361e-01,-4.478935104802488204e-06,1.000005092958179011e+05,0.000000000000000000e+00,0.000000000000000000e+00
-4.458917835671342700e-01,-4.458895126704938186e-06,1.000005092958179011e+05,0.000000000000000000e+00,0.000000000000000000e+00
-4.438877755511022039e-01,-4.438855148607387322e-06,1.000005092958179011e+05,0.000000000000000000e+00,0.000000000000000000e+00
-4.418837675350701377e-01,-4.418815170509837304e-06,1.000005092958179011e+05,0.000000000000000000e+00,0.000000000000000000e+00
-4.398797595190380716e-01,-4.398775192412287287e-06,1.000005092958179011e+05,0.000000000000000000e+00,0.000000000000000000e+00
-4.378757515030060055e-01,-4.378735214314736422e-06,1.000005092958179011e+05,0.000000000000000000e+00,0.000000000000000000e+00
-4.358717434869739393e-01,-4.358695236217186405e-06,1.000005092958179011e+05,0.000000000000000000e+00,0.000000000000000000e+00
-4.338677354709418732e-01,-4.338655258119636387e-06,1.000005092958179011e+05,0.000000000000000000e+00,0.000000000000000000e+00
-4.318637274549098071e-01,-4.318615280022085523e-06,1.000005092958179011e+05,0.000000000000000000e+00,0.000000000000000000e+00
-4.298597194388777409e-01,-4.298575301924535505e-06,1.000005092958179011e+05,0.000000000000000000e+00,0.000000000000000000e+00
-4.278557114228457303e-01,-4.278535323826985488e-06,1.000005092958179011e+05,0.000000000000000000e+00,0.000000000000000000e+00
-4.258517034068136642e-01,-4.258495345729435470e-06,1.000005092958179011e+05,0.000000000000000000e+00,0.000000000000000000e+00
-4.238476953907815981e-01,-4.238455367631884606e-06,1.000005092958179011e+05,0.000000000000000000e+00,0.000000000000000000e+00
-4.218436873747495319e-01,-4.218415389534334588e-06,1.000005092958179011e+05,0.000000000000000000e+00,0.000000000000000000e+00
-4.198396793587174658e-01,-4.198375411436784571e-06,1.000005092958179011e+05,0.000000000000000000e+00,0.000000000000000000e+00
-4.178356713426853997e-01,-4.178335433339233706e-06,1.000005092958179011e+05,0.000000000000000000e+00,0.000000000000000000e+00
-4.158316633266533335e-01,-4.158295455241683689e-06,1.000005092958179011e+05,0.000000000000000000e+00,0.000000000000000000e+00
-4.138276553106212674e-01,-4.138255477144133671e-06,1.000005092958179011e+05,0.000000000000000000e+00,0.000000000000000000e+00
-4.118236472945892013e-01,-4.118215499046582807e-06,1.000005092958179011e+05,0.000000000000000000e+00,0.000000000000000000e+00
-4.098196392785571351e-01,-4.098175520949032789e-06,1.000005092958179011e+05,0.000000000000000000e+00,0.000000000000000000e+00
-4.078156312625250690e-01,-4.078135542851482772e-06,1.000005092958179011e+05,0.000000000000000000e+00,0.000000000000000000e+00
-4.058116232464930029e-01,-4.058095564753931907e-06,1.000005092958179011e+05,0.000000000000000000e+00,0.000000000000000000e+00
-4.038076152304609368e-01,-4.038055586656381890e-06,1.000005092958179011e+05,0.000000000000000000e+00,0.000000000000000000e+00
-4.018036072144288706e-01,-4.018015608558831872e-06,1.000005092958179011e+05,0.000000000000000000e+00,0.000000000000000000e+00
-3.997995991983968045e-01,-3.997975630461281007e-06,1.000005092958179011e+05,0.000000000000000000e+00,0.000000000000000000e+00
-3.977955911823647384e-01,-3.977935652363730990e-06,1.000005092958179011e+05,0.000000000000000000e+00,0.000000000000000000e+00
-3.957915831663326722e-01,-3.957895674266180972e-06,1.000005092958179011e+05,0.000000000000000000e+00,0.000000000000000000e+00
-3.937875751503006061e-01,-3.937855696168630108e-06,1.000005092958179011e+05,0.000000000000000000e+00,0.000000000000000000e+00
-3.917835671342685400e-01,-3.917815718071080090e-06,1.000005092958179011e+05,0.000000000000000000e+00,0.000000000000000000e+00
-3.897795591182364738e-01,-3.897775739973530073e-06,1.000005092958179011e+05,0.000000000000000000e+00,0.000000000000000000e+00
-3.877755511022044077e-01,-3.877735761875979208e-06,1.000005092958179011e+05,0.000000000000000000e+00,0.000000000000000000e+00
-3.857715430861723416e-01,-3.857695783778429191e-06,1.000005092958179011e+05,0.000000000000000000e+00,0.000000000000000000e+00
-3.837675350701402754e-01,-3.837655805680879173e-06,1.000005092958179011e+05,0.000000000000000000e+00,0.000000000000000000e+00
-3.817635270541082093e-01,-3.817615827583328309e-06,1.000005092958179011e+05,0.000000000000000000e+00,0.000000000000000000e+00
-3.797595190380761432e-01,-3.797575849485778291e-06,1.000005092958179011e+05,0.000000000000000000e+00,0.000000000000000000e+00
-3.777555110220440771e-01,-3.777535871388228274e-06,1.000005092958179011e+05,0.000000000000000000e+00,0.000000000000000000e+00
-3.757515030060120109e-01,-3.757495893290677833e-06,1.000005092958179011e+05,0.000000000000000000e+00,0.000000000000000000e+00
-3.737474949899799448e-01,-3.737455915193127392e-06,1.000005092958179011e+05,0.000000000000000000e+00,0.000000000000000000e+00
-3.717434869739478787e-01,-3.717415937095577374e-06,1.000005092958179011e+05,0.000000000000000000e+00,0.000000000000000000e+00
-3.697394789579158125e-01,-3.697375958998026933e-06,1.000005092958179011e+05,0.000000000000000000e+00,0.000000000000000000e+00
-3.677354709418837464e-01,-3.677335980900476492e-06,1.000005092958179011e+05,0.000000000000000000e+00,0.000000000000000000e+00
-3.657314629258516803e-01,-3.657296002802926051e-06,1.000005092958179011e+05,0.000000000000000000e+00,0.000000000000000000e+00
-3.637274549098196141e-01,-3.637256024705376034e-06,1.000005092958179011e+05,0.000000000000000000e+00,0.000000000000000000e+00
-3.617234468937875480e-01,-3.617216046607825593e-06,1.000005092958179011e+05,0.000000000000000000e+00,0.000000000000000000e+00
-3.597194388777554819e-01,-3.597176068510275152e-06,1.000005092958179011e+05,0.000000000000000000e+00,0.000000000000000000e+00
-3.577154308617234713e-01,-3.577136090412725558e-06,1.000005092958179011e+05,0.000000000000000000e+00,0.000000000000000000e+00
-3.557114228456914051e-01,-3.557096112315175117e-06,1.000005092958179011e+05,0.000000000000000000e+00,0.000000000000000000e+00
-3.537074148296593390e-01,-3.537056134217625099e-06,1.000005092958179011e+05,0.000000000000000000e+00,0.000000000000000000e+00
-3.517034068136272729e-01,-3.517016156120074658e-06,1.000005092958179011e+05,0.000000000000000000e+00,0.000000000000000000e+00
-3.496993987975952067e-01,-3.496976178022524217e-06,1.000005092958179011e+05,0.000000000000000000e+00,0.000000000000000000e+00
-3.476953907815631406e-01,-3.476936199924974200e-06,1.000005092958179011e+05,0.000000000000000000e+00,0.000000000000000000e+00
-3.456913827655310745e-01,-3.456896221827423759e-06,1.000005092958179011e+05,0.000000000000000000e+00,0.000000000000000000e+00
-3.436873747494990083e-01,-3.436856243729873318e-06,1.000005092958179011e+05,0.000000000000000000e+00,0.000000000000000000e+00
-3.416833667334669422e-01,-3.416816265632323300e-06,1.000005092958179011e+05,0.000000000000000000e+00,0.000000000000000000e+00
-3.396793587174348761e-01,-3.396776287534772859e-06,1.000005092958179011e+05,0.000000000000000000e+00,0.000000000000000000e+00
-3.376753507014028099e-01,-3.376736309437222418e-06,1.000005092958179011e+05,0.000000000000000000e+00,0.000000000000000000e+00
-3.356713426853707438e-01,-3.356696331339672401e-06,1.000005092958179011e+05,0.000000000000000000e+00,0.000000000000000000e+00
-3.336673346693386777e-01,-3.336656353242121960e-06,1.000005092958179011e+05,0.000000000000000000e+00,0.000000000000000000e+00
-3.316633266533066671e-01,-3.316616375144572366e-06,1.000005092958179011e+05,0.000000000000000000e+00,0.000000000000000000e+00
-3.296593186372746009e-01,-3.296576397047021925e-06,1.000005092958179011e+05,0.000000000000000000e+00,0.000000000000000000e+00
-3.276553106212425348e-01,-3.276536418949471484e-06,1.000005092958179011e+05,0.000000000000000000e+00,0.000000000000000000e+00
-3.256513026052104687e-01,-3.256496440851921466e-06,1.000005092958179011e+05,0.000000000000000000e+00,0.000000000000000000e+00
-3.236472945891784025e-01,-3.236456462754371025e-06,1.000005092958179011e+05,0.000000000000000000e+00,0.000000000000000000e+00
-3.216432865731463364e-01,-3.216416484656820584e-06,1.000005092958179011e+05,0.000000000000000000e+00,0.000000000000000000e+00
-3.196392785571142703e-01,-3.196376506559270567e-06,1.000005092958179011e+05,0.000000000000000000e+00,0.000000000000000000e+00
-3.176352705410822042e-01,-3.176336528461720126e-06,1.000005092958179011e+05,0.000000000000000000e+00,0.000000000000000000e+00
-3.156312625250501380e-01,-3.156296550364169685e-06,1.000005092958179011e+05,0.000000000000000000e+00,0.000000000000000000e+00
-3.136272545090180719e-01,-3.136256572266619667e-06,1.000005092958179011e+05,0.000000000000000000e+00,0.000000000000000000e+00
-3.116232464929860058e-01,-3.116216594169069226e-06,1.000005092958179011e+05,0.000000000000000000e+00,0.000000000000000000e+00
-3.096192384769539396e-01,-3.096176616071518785e-06,1.000005092958179011e+05,0.000000000000000000e+00,0.000000000000000000e+00
-3.076152304609218735e-01,-3.076136637973968767e-06,1.000005092958179011e+05,0.000000000000000000e+00,0.000000000000000000e+00
-3.056112224448898074e-01,-3.056096659876418326e-06,1.000005092958179011e+05,0.000000000000000000e+00,0.000000000000000000e+00
-3.036072144288577412e-01,-3.036056681778867885e-06,1.000005092958179011e+05,0.000000000000000000e+00,0.000000000000000000e+00
-3.016032064128256751e-01,-3.016016703681317868e-06,1.000005092958179011e+05,0.000000000000000000e+00,0.000000000000000000e+00
-2.995991983967936090e-01,-2.995976725583767427e-06,1.000005092958179011e+05,0.000000000000000000e+00,0.000000000000000000e+00
-2.975951903807615428e-01,-2.975936747486216986e-06,1.000005092958179011e+05,0.000000000000000000e+00,0.000000000000000000e+00
-2.955911823647294767e-01,-2.955896769388666968e-06,1.000005092958179011e+05,0.000000000000000000e+00,0.000000000000000000e+00
-2.935871743486974106e-01,-2.935856791291116527e-06,1.000005092958179011e+05,0.000000000000000000e+00,0.000000000000000000e+00
-2.915831663326653445e-01,-2.915816813193566086e-06,1.000005092958179011e+05,0.000000000000000000e+00,0.000000000000000000e+00
-2.895791583166332783e-01,-2.895776835096016069e-06,1.000005092958179011e+05,0.000000000000000000e+00,0.000000000000000000e+00
-2.875751503006012122e-01,-2.875736856998465628e-06,1.000005092958179011e+05,0.000000000000000000e+00,0.000000000000000000e+00
-2.855711422845691461e-01,-2.855696878900915187e-06,1.000005092958179011e+05,0.000000000000000000e+00,0.000000000000000000e+00
-2.835671342685370799e-01,-2.835656900803365169e-06,1.000005092958179011e+05,0.000000000000000000e+00,0.000000000000000000e+00
-2.815631262525050138e-01,-2.815616922705814728e-06,1.000005092958179011e+05,0.000000000000000000e+00,0.000000000000000000e+00
-2.795591182364729477e-01,-2.795576944608264287e-06,1.000005092958179011e+05,0.000000000000000000e+00,0.000000000000000000e+00
-2.775551102204408815e-01,-2.775536966510714270e-06,1.000005092958179011e+05,0.000000000000000000e+00,0.000000000000000000e+00
-2.755511022044088154e-01,-2.755496988413163829e-06,1.000005092958179011e+05,0.000000000000000000e+00,0.000000000000000000e+00
-2.735470941883767493e-01,-2.735457010315613388e-06,1.000005092958179011e+05,0.000000000000000000e+00,0.000000000000000000e+00
-2.715430861723446831e-01,-2.715417032218063370e-06,1.000005092958179011e+05,0.000000000000000000e+00,0.000000000000000000e+00
-2.695390781563126170e-01,-2.695377054120512929e-06,1.000005092958179011e+05,0.000000000000000000e+00,0.000000000000000000e+00
-2.675350701402805509e-01,-2.675337076022962488e-06,1.000005092958179011e+05,0.000000000000000000e+00,0.000000000000000000e+00
-2.655310621242484848e-01,-2.655297097925412471e-06,1.000005092958179011e+05,0.000000000000000000e+00,0.000000000000000000e+00
-2.635270541082164186e-01,-2.635257119827862030e-06,1.000005092958179011e+05,0.000000000000000000e+00,0.000000000000000000e+00
-2.615230460921843525e-01,-2.615217141730311589e-06,1.000005092958179011e+05,0.000000000000000000e+00,0.000000000000000000e+00
-2.595190380761522864e-01,-2.595177163632761148e-06,1.000005092958179011e+05,0.000000000000000000e+00,0.000000000000000000e+00
-2.575150300601202202e-01,-2.575137185535211130e-06,1.000005092958179011e+05,0.000000000000000000e+00,0.000000000000000000e+00
-2.555110220440882096e-01,-2.555097207437661113e-06,1.000005092958179011e+05,0.000000000000000000e+00,0.000000000000000000e+00
-2.535070140280561435e-01,-2.535057229340111095e-06,1.000005092958179011e+05,0.000000000000000000e+00,0.000000000000000000e+00
-2.515030060120240774e-01,-2.515017251242560654e-06,1.000005092958179011e+05,0.000000000000000000e+00,0.000000000000000000e+00
-2.494989979959920112e-01,-2.494977273145010213e-06,1.000005092958179011e+05,0.000000000000000000e+00,0.000000000000000000e+00
-2.474949899799599451e-01,-2.474937295047460196e-06,1.000005092958179011e+05,0.000000000000000000e+00,0.000000000000000000e+00
-2.454909819639278790e-01,-2.454897316949909755e-06,1.000005092958179011e+05,0.000000000000000000e+00,0.000000000000000000e+00
-2.434869739478958128e-01,-2.434857338852359314e-06,1.000005092958179011e+05,0.000000000000000000e+00,0.000000000000000000e+00
-2.414829659318637467e-01,-2.414817360754809296e-06,1.000005092958179011e+05,0.000000000000000000e+00,0.000000000000000000e+00
-2.394789579158316806e-01,-2.394777382657258855e-06,1.000005092958179011e+05,0.000000000000000000e+00,0.000000000000000000e+00
-2.374749498997996144e-01,-2.374737404559708414e-06,1.000005092958179011e+05,0.000000000000000000e+00,0.000000000000000000e+00
-2.354709418837675483e-01,-2.354697426462158397e-06,1.000005092958179011e+05,0.000000000000000000e+00,0.000000000000000000e+00
-2.334669338677354822e-01,-2.334657448364607956e-06,1.000005092958179011e+05,0.000000000000000000e+00,0.000000000000000000e+00
-2.314629258517034160e-01,-2.314617470267057515e-06,1.000005092958179011e+05,0.000000000000000000e+00,0.000000000000000000e+00
-2.294589178356713499e-01,-2.294577492169507497e-06,1.000005092958179011e+05,0.000000000000000000e+00,0.000000000000000000e+00
-2.274549098196392838e-01,-2.274537514071957056e-06,1.000005092958179011e+05,0.000000000000000000e+00,0.000000000000000000e+00
-2.254509018036072177e-01,-2.254497535974406615e-06,1.000005092958179011e+05,0.000000000000000000e+00,0.000000000000000000e+00
-2.234468937875751515e-01,-2.234457557876856598e-06,1.000005092958179011e+05,0.000000000000000000e+00,0.000000000000000000e+00
-2.214428857715430854e-01,-2.214417579779306156e-06,1.000005092958179011e+05,0.000000000000000000e+00,0.000000000000000000e+00
-2.194388777555110193e-01,-2.194377601681755715e-06,1.000005092958179011e+05,0.000000000000000000e+00,0.000000000000000000e+00
-2.174348697394790086e-01,-2.174337623584206121e-06,1.000005092958179011e+05,0.000000000000000000e+00,0.000000000000000000e+00
-2.154308617234469425e-01,-2.154297645486655680e-06,1.000005092958179011e+05,0.000000000000000000e+00,0.000000000000000000e+00
-2.134268537074148764e-01,-2.134257667389105663e-06,1.000005092958179011e+05,0.000000000000000000e+00,0.000000000000000000e+00
-2.114228456913828103e-01,-2.114217689291555222e-06,1.000005092958179011e+05,0.000000000000000000e+00,0.000000000000000000e+00
-2.094188376753507441e-01,-2.094177711194004781e-06,1.000005092958179011e+05,0.000000000000000000e+00,0.000000000000000000e+00
-2.074148296593186780e-01,-2.074137733096454763e-06,1.000005092958179011e+05,0.000000000000000000e+00,0.000000000000000000e+00
-2.054108216432866119e-01,-2.054097754998904322e-06,1.000005092958179011e+05,0.000000000000000000e+00,0.000000000000000000e+00
-2.034068136272545457e-01,-2.034057776901353881e-06,1.000005092958179011e+05,0.000000000000000000e+00,0.000000000000000000e+00
-2.014028056112224796e-01,-2.014017798803803864e-06,1.000005092958179011e+05,0.000000000000000000e+00,0.000000000000000000e+00
-1.993987975951904135e-01,-1.993977820706253423e-06,1.000005092958179011e+05,0.000000000000000000e+00,0.000000000000000000e+00
-1.973947895791583473e-01,-1.973937842608702982e-06,1.000005092958179011e+05,0.000000000000000000e+00,0.000000000000000000e+00
-1.953907815631262812e-01,-1.953897864511152964e-06,1.000005092958179011e+05,0.000000000000000000e+00,0.000000000000000000e+00
-1.933867735470942151e-01,-1.933857886413602523e-06,1.000005092958179011e+05,0.000000000000000000e+00,0.000000000000000000e+00
-1.913827655310621489e-01,-1.913817908316052082e-06,1.000005092958179011e+05,0.000000000000000000e+00,0.000000000000000000e+00
-1.893787575150300828e-01,-1.893777930218501853e-06,1.000005092958179011e+05,0.000000000000000000e+00,0.000000000000000000e+00
-1.873747494989980167e-01,-1.873737952120951624e-06,1.000005092958179011e+05,0.000000000000000000e+00,0.000000000000000000e+00
-1.853707414829659506e-01,-1.853697974023401183e-06,1.000005092958179011e+05,0.000000000000000000e+00,0.000000000000000000e+00
-1.833667334669338844e-01,-1.833657995925850954e-06,1.000005092958179011e+05,0.000000000000000000e+00,0.000000000000000000e+00
-1.813627254509018183e-01,-1.813618017828300724e-06,1.000005092958179011e+05,0.000000000000000000e+00,0.000000000000000000e+00
-1.793587174348697522e-01,-1.793578039730750283e-06,1.000005092958179011e+05,0.000000000000000000e+00,0.000000000000000000e+00
-1.773547094188376860e-01,-1.773538061633200054e-06,1.000005092958179011e+05,0.000000000000000000e+00,0.000000000000000000e+00
-1.753507014028056199e-01,-1.753498083535649825e-06,1.000005092958179011e+05,0.000000000000000000e+00,0.000000000000000000e+00
-1.733466933867735538e-01,-1.733458105438099384e-06,1.000005092958179011e+05,0.000000000000000000e+00,0.000000000000000000e+00
-1.713426853707414876e-01,-1.713418127340549154e-06,1.000005092958179011e+05,0.000000000000000000e+00,0.000000000000000000e+00
-1.693386773547094215e-01,-1.693378149242998925e-06,1.000005092958179011e+05,0.000000000000000000e+00,0.000000000000000000e+00
-1.673346693386773554e-01,-1.673338171145448484e-06,1.000005092958179011e+05,0.000000000000000000e+00,0.000000000000000000e+00
-1.653306613226453448e-01,-1.653298193047898890e-06,1.000005092958179011e+05,0.000000000000000000e+00,0.000000000000000000e+00
-1.633266533066132786e-01,-1.633258214950348449e-06,1.000005092958179011e+05,0.000000000000000000e+00,0.000000000000000000e+00
-1.613226452905812125e-01,-1.613218236852798220e-06,1.000005092958179011e+05,0.000000000000000000e+00,0.000000000000000000e+00
-1.593186372745491464e-01,-1.593178258755247991e-06,1.000005092958179011e+05,0.000000000000000000e+00,0.000000000000000000e+00
-1.573146292585170802e-01,-1.573138280657697550e-06,1.000005092958179011e+05,0.000000000000000000e+00,0.000000000000000000e+00
-1.553106212424850141e-01,-1.553098302560147320e-06,1.000005092958179011e+05,0.000000000000000000e+00,0.000000000000000000e+00
-1.533066132264529480e-01,-1.533058324462597091e-06,1.000005092958179011e+05,0.000000000000000000e+00,0.000000000000000000e+00
-1.513026052104208818e-01,-1.513018346365046650e-06,1.000005092958179011e+05,0.000000000000000000e+00,0.000000000000000000e+00
-1.492985971943888157e-01,-1.492978368267496421e-06,1.000005092958179011e+05,0.000000000000000000e+00,0.000000000000000000e+00
-1.472945891783567496e-01,-1.472938390169946192e-06,1.000005092958179011e+05,0.000000000000000000e+00,0.000000000000000000e+00
-1.452905811623246835e-01,-1.452898412072395751e-06,1.000005092958179011e+05,0.000000000000000000e+00,0.000000000000000000e+00
-1.432865731462926173e-01,-1.432858433974845521e-06,1.000005092958179011e+05,0.000000000000000000e+00,0.000000000000000000e+00
-1.412825651302605512e-01,-1.412818455877295292e-06,1.000005092958179011e+05,0.000000000000000000e+00,0.000000000000000000e+00
-1.392785571142284851e-01,-1.392778477779744851e-06,1.000005092958179011e+05,0.000000000000000000e+00,0.000000000000000000e+00
-1.372745490981964189e-01,-1.372738499682194622e-06,1.000005092958179011e+05,0.000000000000000000e+00,0.000000000000000000e+00
-1.352705410821643528e-01,-1.352698521584644393e-06,1.000005092958179011e+05,0.000000000000000000e+00,0.000000000000000000e+00
-1.332665330661322867e-01,-1.332658543487093952e-06,1.000005092958179011e+05,0.000000000000000000e+00,0.000000000000000000e+00
-1.312625250501002205e-01,-1.312618565389543722e-06,1.000005092958179011e+05,0.000000000000000000e+00,0.000000000000000000e+00
-1.292585170340681544e-01,-1.292578587291993281e-06,1.000005092958179011e+05,0.000000000000000000e+00,0.000000000000000000e+00
-1.272545090180360883e-01,-1.272538609194443052e-06,1.000005092958179011e+05,0.000000000000000000e+00,0.000000000000000000e+00
-1.252505010020040221e-01,-1.252498631096892823e-06,1.000005092958179011e+05,0.000000000000000000e+00,0.000000000000000000e+00
-1.232464929859719560e-01,-1.232458652999342382e-06,1.000005092958179011e+05,0.000000000000000000e+00,0.000000000000000000e+00
-1.212424849699398899e-01,-1.212418674901792152e-06,1.000005092958179011e+05,0.000000000000000000e+00,0.000000000000000000e+00
-1.192384769539078238e-01,-1.192378696804241923e-06,1.000005092958179011e+05,0.000000000000000000e+00,0.000000000000000000e+00
-1.172344689378757576e-01,-1.172338718706691482e-06,1.000005092958179011e+05,0.000000000000000000e+00,0.000000000000000000e+00
-1.152304609218437470e-01,-1.152298740609141888e-06,1.000005092958179011e+05,0.000000000000000000e+00,0.000000000000000000e+00
-1.132264529058116809e-01,-1.132258762511591447e-06,1.000005092958179011e+05,0.000000000000000000e+00,0.000000000000000000e+00
-1.112224448897796147e-01,-1.112218784414041218e-06,1.000005092958179011e+05,0.000000000000000000e+00,0.000000000000000000e+00
-1.092184368737475486e-01,-1.092178806316490989e-06,1.000005092958179011e+05,0.000000000000000000e+00,0.000000000000000000e+00
-1.072144288577154825e-01,-1.072138828218940548e-06,1.000005092958179011e+05,0.000000000000000000e+00,0.000000000000000000e+00
-1.052104208416834163e-01,-1.052098850121390318e-06,1.000005092958179011e+05,0.000000000000000000e+00,0.000000000000000000e+00
-1.032064128256513502e-01,-1.032058872023840089e-06,1.000005092958179011e+05,0.000000000000000000e+00,0.000000000000000000e+00
-1.012024048096192841e-01,-1.012018893926289648e-06,1.000005092958179011e+05,0.000000000000000000e+00,0.000000000000000000e+00
-9.919839679358721796e-02,-9.919789158287394188e-07,1.000005092958179011e+05,0.000000000000000000e+00,0.000000000000000000e+00
-9.719438877755515183e-02,-9.719389377311891896e-07,1.000005092958179011e+05,0.000000000000000000e+00,0.000000000000000000e+00
-9.519038076152308570e-02,-9.518989596336387485e-07,1.000005092958179011e+05,0.000000000000000000e+00,0.000000000000000000e+00
-9.318637274549101956e-02,-9.318589815360885193e-07,1.000005092958179011e+05,0.000000000000000000e+00,0.000000000000000000e+00
-9.118236472945895343e-02,-9.118190034385381841e-07,1.000005092958179011e+05,0.000000000000000000e+00,0.000000000000000000e+00
-8.917835671342688730e-02,-8.917790253409878490e-07,1.000005092958179011e+05,0.000000000000000000e+00,0.000000000000000000e+00
-8.717434869739482117e-02,-8.717390472434376198e-07,1.000005092958179011e+05,0.000000000000000000e+00,0.000000000000000000e+00
-8.517034068136275504e-02,-8.516990691458872846e-07,1.000005092958179011e+05,0.000000000000000000e+00,0.000000000000000000e+00
-8.316633266533068891e-02,-8.316590910483369495e-07,1.000005092958179011e+05,0.000000000000000000e+00,0.000000000000000000e+00
-8.116232464929862278e-02,-8.116191129507867202e-07,1.000005092958179011e+05,0.000000000000000000e+00,0.000000000000000000e+00
-7.915831663326655665e-02,-7.915791348532363851e-07,1.000005092958179011e+05,0.000000000000000000e+00,0.000000000000000000e+00
-7.715430861723449052e-02,-7.715391567556860499e-07,1.000005092958179011e+05,0.000000000000000000e+00,0.000000000000000000e+00
-7.515030060120242439e-02,-7.514991786581358207e-07,1.000005092958179011e+05,0.000000000000000000e+00,0.000000000000000000e+00
-7.314629258517035826e-02,-7.314592005605854855e-07,1.000005092958179011e+05,0.000000000000000000e+00,0.000000000000000000e+00
-7.114228456913829213e-02,-7.114192224630351504e-07,1.000005092958179011e+05,0.000000000000000000e+00,0.000000000000000000e+00
-6.913827655310622600e-02,-6.913792443654849211e-07,1.000005092958179011e+05,0.000000000000000000e+00,0.000000000000000000e+00
-6.713426853707415987e-02,-6.713392662679345860e-07,1.000005092958179011e+05,0.000000000000000000e+00,0.000000000000000000e+00
-6.513026052104209374e-02,-6.512992881703842509e-07,1.000005092958179011e+05,0.000000000000000000e+00,0.000000000000000000e+00
-6.312625250501008312e-02,-6.312593100728345510e-07,1.000005092958179011e+05,0.000000000000000000e+00,0.000000000000000000e+00
-6.112224448897801699e-02,-6.112193319752842159e-07,1.000005092958179011e+05,0.000000000000000000e+00,0.000000000000000000e+00
-5.911823647294595085e-02,-5.911793538777338807e-07,1.000005092958179011e+05,0.000000000000000000e+00,0.000000000000000000e+00
-5.711422845691388472e-02,-5.711393757801836515e-07,1.000005092958179011e+05,0.000000000000000000e+00,0.000000000000000000e+00
-5.511022044088181859e-02,-5.510993976826333163e-07,1.000005092958179011e+05,0.000000000000000000e+00,0.000000000000000000e+00
-5.310621242484975246e-02,-5.310594195850829812e-07,1.000005092958179011e+05,0.000000000000000000e+00,0.000000000000000000e+00
-5.110220440881768633e-02,-5.110194414875327519e-07,1.000005092958179011e+05,0.000000000000000000e+00,0.000000000000000000e+00
-4.909819639278562020e-02,-4.909794633899824168e-07,1.000005092958179011e+05,0.000000000000000000e+00,0.000000000000000000e+00
-4.709418837675355407e-02,-4.709394852924320817e-07,1.000005092958179011e+05,0.000000000000000000e+00,0.000000000000000000e+00
-4.509018036072148794e-02,-4.508995071948817995e-07,1.000005092958179011e+05,0.000000000000000000e+00,0.000000000000000000e+00
-4.308617234468942181e-02,-4.308595290973315173e-07,1.000005092958179011e+05,0.000000000000000000e+00,0.000000000000000000e+00
-4.108216432865735568e-02,-4.108195509997811821e-07,1.000005092958179011e+05,0.000000000000000000e+00,0.000000000000000000e+00
-3.907815631262528955e-02,-3.907795729022308999e-07,1.000005092958179011e+05,0.000000000000000000e+00,0.000000000000000000e+00
-3.707414829659322342e-02,-3.707395948046805648e-07,1.000005092958179011e+05,0.000000000000000000e+00,0.000000000000000000e+00
-3.507014028056115729e-02,-3.506996167071302826e-07,1.000005092958179011e+05,0.000000000000000000e+00,0.000000000000000000e+00
-3.306613226452909116e-02,-3.306596386095800004e-07,1.000005092958179011e+05,0.000000000000000000e+00,0.000000000000000000e+00
-3.106212424849702503e-02,-3.106196605120296652e-07,1.000005092958179011e+05,0.000000000000000000e+00,0.000000000000000000e+00
-2.905811623246495889e-02,-2.905796824144793830e-07,1.000005092958179011e+05,0.000000000000000000e+00,0.000000000000000000e+00
-2.705410821643289276e-02,-2.705397043169291009e-07,1.000005092958179011e+05,0.000000000000000000e+00,0.000000000000000000e+00
-2.505010020040082663e-02,-2.504997262193787657e-07,1.000005092958179011e+05,0.000000000000000000e+00,0.000000000000000000e+00
-2.304609218436876050e-02,-2.304597481218284835e-07,1.000005092958179011e+05,0.000000000000000000e+00,0.000000000000000000e+00
-2.104208416833669437e-02,-2.104197700242781748e-07,1.000005092958179011e+05,0.000000000000000000e+00,0.000000000000000000e+00
-1.903807615230462824e-02,-1.903797919267278662e-07,1.000005092958179011e+05,0.000000000000000000e+00,0.000000000000000000e+00
-1.703406813627256211e-02,-1.703398138291775575e-07,1.000005092958179011e+05,0.000000000000000000e+00,0.000000000000000000e+00
-1.503006012024049598e-02,-1.502998357316272753e-07,1.000005092958179011e+05,0.000000000000000000e+00,0.000000000000000000e+00
-1.302605210420842985e-02,-1.302598576340769666e-07,1.000005092958179011e+05,0.000000000000000000e+00,0.000000000000000000e+00
-1.102204408817641923e-02,-1.102198795365272138e-07,1.000005092958179011e+05,0.000000000000000000e+00,0.000000000000000000e+00
-9.018036072144353099e-03,-9.017990143897691840e-08,1.000005092958179011e+05,0.000000000000000000e+00,0.000000000000000000e+00
-7.014028056112286968e-03,-7.013992334142660974e-08,1.000005092958179011e+05,0.000000000000000000e+00,0.000000000000000000e+00
-5.010020040080220838e-03,-5.009994524387630768e-08,1.000005092958179011e+05,0.000000000000000000e+00,0.000000000000000000e+00
-3.006012024048154707e-03,-3.005996714632600563e-08,1.000005092958179011e+05,0.000000000000000000e+00,0.000000000000000000e+00
-1.002004008016088576e-03,-1.001998904877570689e-08,1.000005092958179011e+05,0.000000000000000000e+00,0.000000000000000000e+00
1.002004008015977554e-03,1.002078855582406500e-08,9.999253077080591174e+04,5.010020040079886904e-03,5.010020040079887229e-05
3.006012024048043685e-03,3.006910674136715889e-08,9.997011384154502593e+04,2.004008016032010620e-02,2.004008016032010728e-04
5.010020040080109816e-03,5.013392970784942443e-08,9.993272159743933298e+04,4.509018036072065527e-02,4.509018036072065744e-04
7.014028056112175946e-03,7.022433320334915607e-08,9.988030837974067254e+04,8.016032064128153500e-02,8.016032064128153500e-04
9.018036072144242077e-03,9.034948499285058830e-08,9.981281102883812855e+04,1.252505010020027454e-01,1.252505010020027454e-03
1.102204408817630821e-02,1.105186759340343722e-07,9.973014963330785395e+04,1.803607214428842587e-01,1.803607214428842778e-03
1.302605210420837434e-02,1.307413505020579395e-07,9.963222847390839888e+04,2.454909819639261581e-01,2.454909819639261755e-03
1.503006012024044047e-02,1.510271366520638134e-07,9.951893714880313200e+04,3.206412825651284160e-01,3.206412825651283952e-03
1.703406813627250660e-02,1.713858749265555401e-07,9.939015186386954156e+04,4.058116232464908379e-01,4.058116232464908935e-03
1.903807615230457273e-02,1.918276467357554250e-07,9.924573686987736437e+04,5.010020040080137571e-01,5.010020040080137571e-03
2.104208416833663886e-02,2.123628017620548961e-07,9.908554602662268735e+04,6.062124248496970624e-01,6.062124248496969861e-03
2.304609218436870499e-02,2.330019844641037041e-07,9.890942447281682689e+04,7.214428857715405874e-01,7.214428857715405805e-03
2.505010020040077112e-02,2.537561596813666505e-07,9.871721037966277800e+04,8.466933867735443320e-01,8.466933867735443667e-03
2.705410821643283725e-02,2.746366373655240514e-07,9.850873676561050524e+04,9.819639278557085182e-01,9.819639278557085182e-03
2.905811623246490338e-02,2.956550964903607010e-07,9.828383334975688194e+04,1.127254509018033035e+00,1.127254509018033035e-02
3.106212424849696951e-02,3.168236082162766408e-07,9.804232842172766686e+04,1.282565130260517883e+00,1.282565130260517917e-02
3.306613226452903564e-02,3.381546584088269666e-07,9.778405070662157959e+04,1.447895791583163172e+00,1.447895791583163165e-02
3.507014028056110178e-02,3.596611696324031476e-07,9.750883120467256231e+04,1.623246492985968681e+00,1.623246492985968778e-02
3.707414829659316791e-02,3.813565227600228159e-07,9.721650498665499617e+04,1.808617234468934631e+00,1.808617234468934756e-02
3.907815631262523404e-02,4.032545783580075258e-07,9.690691292767376581e+04,2.004008016032060802e+00,2.004008016032060926e-02
4.108216432865730017e-02,4.253696980200033378e-07,9.657990336379197834e+04,2.209418837675347635e+00,2.209418837675347635e-02
4.308617234468936630e-02,4.477167658383006259e-07,9.623533365791031974e+04,2.424849699398794023e+00,2.424849699398794536e-02
4.509018036072143243e-02,4.703112102118041645e-07,9.587307166336757655e+04,2.650300601202401296e+00,2.650300601202401629e-02
4.709418837675349856e-02,4.931690261994159895e-07,9.549299707583556301e+04,2.885771543086169011e+00,2.885771543086169261e-02
4.909819639278556469e-02,5.163067986351996693e-07,9.509500266618850583e+04,3.131262525050097167e+00,3.131262525050097084e-02
5.110220440881763082e-02,5.397417262277408505e-07,9.467899538909347029e+04,3.386773547094184877e+00,3.386773547094185099e-02
5.310621242484969695e-02,5.634916468708745562e-07,9.424489736405819713e+04,3.652304609218433029e+00,3.652304609218433307e-02
5.511022044088176308e-02,5.875750643967216049e-07,9.379264672755444190e+04,3.927855711422842511e+00,3.927855711422842400e-02
5.711422845691382921e-02,6.120111770050925940e-07,9.332219835658094962e+04,4.213426853707411546e+00,4.213426853707411684e-02
5.911823647294589534e-02,6.368199076061014011e-07,9.283352446562159457e+04,4.509018036072141022e+00,4.509018036072141161e-02
6.112224448897796147e-02,6.620219363156416694e-07,9.232661508037376916e+04,4.814629258517030941e+00,4.814629258517030830e-02
6.312625250501002760e-02,6.876387353465328244e-07,9.180147839286249655e+04,5.130260521042080413e+00,5.130260521042080690e-02
6.513026052104198271e-02,7.136926065419825120e-07,9.125814100360970770e+04,5.455911823647290326e+00,5.455911823647290743e-02
6.713426853707404884e-02,7.402067218028514432e-07,9.069664805739870644e+04,5.791583166332660682e+00,5.791583166332660987e-02
6.913827655310611497e-02,7.672051666663266603e-07,9.011706327986158431e+04,6.137274549098190590e+00,6.137274549098191423e-02
7.114228456913818111e-02,7.947129873013898700e-07,8.951946892263120390e+04,6.492985971943881829e+00,6.492985971943882051e-02
7.314629258517024724e-02,8.227562411960317596e-07,8.890396562515075493e+04,6.858717434869732621e+00,6.858717434869733565e-02
7.515030060120231337e-02,8.513620518229573031e-07,8.827067220143140003e+04,7.234468937875744743e+00,7.234468937875744576e-02
7.715430861723437950e-02,8.805586675846836297e-07,8.761972536011000921e+04,7.620240480961915530e+00,7.620240480961916474e-02
7.915831663326644563e-02,9.103755253557731570e-07,8.695127936609621975e+04,8.016032064128248535e+00,8.016032064128249257e-02
8.116232464929851176e-02,9.408433189597054469e-07,8.626550565192943031e+04,8.421843687374741094e+00,8.421843687374741538e-02
8.316633266533057789e-02,9.719940729408577923e-07,8.556259238670371997e+04,8.837675350701394095e+00,8.837675350701394705e-02
8.517034068136264402e-02,1.003861222018483718e-06,8.484274401008234418e+04,9.263527054108207537e+00,9.263527054108207370e-02
8.717434869739471015e-02,1.036479696639772650e-06,8.410618073852348607e+04,9.699398797595179644e+00,9.699398797595180921e-02
8.917835671342677628e-02,1.069886015083359163e-06,8.335313805039177532e+04,1.014529058116231575e+01,1.014529058116231536e-01
9.118236472945884241e-02,1.104118382603337462e-06,8.258386615615000483e+04,1.060120240480960874e+01,1.060120240480960929e-01
9.318637274549090854e-02,1.139216798147387953e-06,8.179862945931979630e+04,1.106713426853706395e+01,1.106713426853706411e-01
9.519038076152297467e-02,1.175223169231390838e-06,8.099770601338514825e+04,1.154308617234467782e+01,1.154308617234467843e-01
9.719438877755504080e-02,1.212181435607440265e-06,8.018138697929294722e+04,1.202905811623245391e+01,1.202905811623245363e-01
9.919839679358710693e-02,1.250137702423001555e-06,7.934997608769177168e+04,1.252505010020038867e+01,1.252505010020038834e-01
1.012024048096191731e-01,1.289140383636717341e-06,7.850378910954839375e+04,1.303106212424848387e+01,1.303106212424848531e-01
1.032064128256512392e-01,1.329240356531779967e-06,7.764315333829825977e+04,1.354709418837673951e+01,1.354709418837674040e-01
1.052104208416833053e-01,1.370491128251660742e-06,7.676840708622500824e+04,1.407314629258515559e+01,1.407314629258515637e-01
1.072144288577153715e-01,1.412949015376259113e-06,7.587989919732869021e+04,1.460921843687373212e+01,1.460921843687373323e-01
1.092184368737474376e-01,1.456673337660246421e-06,7.497798857853570371e+04,1.515531062124247086e+01,1.515531062124247097e-01
1.112224448897795037e-01,1.501726627170768071e-06,7.406304375072647235e+04,1.571142284569137004e+01,1.571142284569136960e-01
1.132264529058115698e-01,1.548174854190079597e-06,7.313544242071123153e+04,1.627755511022042612e+01,1.627755511022042634e-01
1.152304609218436360e-01,1.596087671391720461e-06,7.219557107496957178e+04,1.685370741482964263e+01,1.685370741482964396e-01
1.172344689378757021e-01,1.645538677958244318e-06,7.124382459568692138e+04,1.743987975951902314e+01,1.743987975951902247e-01
1.192384769539077682e-01,1.696605705486396845e-06,7.028060589936746692e+04,1.803607214428856054e+01,1.803607214428856187e-01
1.212424849699398344e-01,1.749371127724275969e-06,6.930632559808043879e+04,1.864228456913826193e+01,1.864228456913826215e-01
1.232464929859719005e-01,1.803922196407103987e-06,6.832140168320096564e+04,1.925851703406812021e+01,1.925851703406812054e-01
1.252505010020039666e-01,1.860351405706840121e-06,6.732625923133864126e+04,1.988476953907813893e+01,1.988476953907813982e-01
1.272545090180360328e-01,1.918756888089472141e-06,6.632133013200269488e+04,2.052104208416831810e+01,2.052104208416831999e-01
1.292585170340680989e-01,1.979242844686437221e-06,6.530705283643249277e+04,2.116733466933866126e+01,2.116733466933866104e-01
1.312625250501001650e-01,2.041920013637851336e-06,6.428387212692284083e+04,2.182364729458916131e+01,2.182364729458916297e-01
1.332665330661322312e-01,2.106906180260390711e-06,6.325223890589278017e+04,2.248997995991982179e+01,2.248997995991982302e-01
1.352705410821642973e-01,2.174326733337756052e-06,6.221261000388555840e+04,2.316633266533064273e+01,2.316633266533064395e-01
1.372745490981963634e-01,2.244315272333802314e-06,6.116544800563973695e+04,2.385270541082162410e+01,2.385270541082162576e-01
1.392785571142284295e-01,2.317014270895612720e-06,6.011122109333925619e+04,2.454909819639276591e+01,2.454909819639276847e-01
1.412825651302604957e-01,2.392575802655426332e-06,5.905040290613008256e+04,2.525551102204406817e+01,2.525551102204406928e-01
1.432865731462925618e-01,2.471162336067172159e-06,5.798347241498167568e+04,2.597194388777553442e+01,2.597194388777553375e-01
1.452905811623246279e-01,2.552947605837980648e-06,5.691091381197162264e+04,2.669839679358715756e+01,2.669839679358715911e-01
1.472945891783566941e-01,2.638117569451918214e-06,5.583321641307967366e+04,2.743486973947893759e+01,2.743486973947893981e-01
1.492985971943887602e-01,2.726871458349259749e-06,5.475087457359219843e+04,2.818136272545087806e+01,2.818136272545088139e-01
1.513026052104208263e-01,2.819422934539452446e-06,5.366438761523936410e+04,2.893787575150298252e+01,2.893787575150298386e-01
1.533066132264528925e-01,2.916001364812620947e-06,5.257425976421112136e+04,2.970440881763524743e+01,2.970440881763524721e-01
1.553106212424849586e-01,3.016853226299542847e-06,5.148100009922862228e+04,3.048096192384766923e+01,3.048096192384767145e-01
1.573146292585170247e-01,3.122243658945115676e-06,5.038512250887796108e+04,3.126753507014025857e+01,3.126753507014025657e-01
1.593186372745490909e-01,3.232458182541803458e-06,4.928714565744849097e+04,3.206412825651300125e+01,3.206412825651300258e-01
1.613226452905811570e-01,3.347804598360819417e-06,4.818759295855239907e+04,3.287074148296591147e+01,3.287074148296590947e-01
1.633266533066132231e-01,3.468615098170206241e-06,4.708699255583956256e+04,3.368737474949897859e+01,3.368737474949897726e-01
1.653306613226452892e-01,3.595248606600445810e-06,4.598587731015819008e+04,3.451402805611220259e+01,3.451402805611220592e-01
1.673346693386772444e-01,3.728093386479910949e-06,4.488478479254933336e+04,3.535070140280559059e+01,3.535070140280558992e-01
1.693386773547093105e-01,3.867569940997799567e-06,4.378425728249955864e+04,3.619739478957913548e+01,3.619739478957913481e-01
1.713426853707413766e-01,4.014134251459235086e-06,4.268484177091340825e+04,3.705410821643283725e+01,3.705410821643284058e-01
1.733466933867734427e-01,4.168281395093264182e-06,4.158708996730170475e+04,3.792084168336670302e+01,3.792084168336670724e-01
1.753507014028055089e-01,4.330549593997617712e-06,4.049155831071679859e+04,3.879759519038073279e+01,3.879759519038073479e-01
1.773547094188375750e-01,4.501524754019573050e-06,3.939880798399946070e+04,3.968436873747492655e+01,3.968436873747492322e-01
1.793587174348696411e-01,4.681845561376567346e-06,3.830940493093372788e+04,4.058116232464927009e+01,4.058116232464927253e-01
1.813627254509017073e-01,4.872209215347608546e-06,3.722391987593709200e+04,4.148797595190378473e+01,4.148797595190378273e-01
1.833667334669337734e-01,5.073377887697339709e-06,3.614292834594244050e+04,4.240480961923845626e+01,4.240480961923845382e-01
1.853707414829658395e-01,5.286186013963707790e-06,3.506701069415649545e+04,4.333166332665328468e+01,4.333166332665328579e-01
1.873747494989979057e-01,5.511548538749209298e-06,3.399675212540552457e+04,4.426853707414826999e+01,4.426853707414827310e-01
1.893787575150299718e-01,5.750470257185619052e-06,3.293274272280390142e+04,4.521543086172341930e+01,4.521543086172342130e-01
1.913827655310620379e-01,6.004056418370223616e-06,3.187557747550481872e+04,4.617234468937873260e+01,4.617234468937873038e-01
1.933867735470941041e-01,6.273524784490929562e-06,3.082585630731458514e+04,4.713927855711420278e+01,4.713927855711420034e-01
1.953907815631261702e-01,6.560219372400084010e-06,2.978418410597169350e+04,4.811623246492982986e+01,4.811623246492983119e-01
1.973947895791582363e-01,6.865626143560222119e-06,2.875117075291222864e+04,4.910320641282562093e+01,4.910320641282562293e-01
1.993987975951903024e-01,7.191390954766745542e-06,2.772743115335993571e+04,5.010020040080157600e+01,5.010020040080157555e-01
2.014028056112223686e-01,7.539340137284395738e-06,2.671358526659680501e+04,5.110721442885768084e+01,5.110721442885768351e-01
2.034068136272544347e-01,7.911504137727367152e-06,2.571025813628461401e+04,5.212424849699394969e+01,5.212424849699395235e-01
2.054108216432865008e-01,8.310144732199732399e-06,2.471807992072279376e+04,5.315130260521038252e+01,5.315130260521038208e-01
2.074148296593185670e-01,8.737786418299046758e-06,2.373768592294056725e+04,5.418837675350697225e+01,5.418837675350697269e-01
2.094188376753506331e-01,9.197252700391394403e-06,2.276971662053372711e+04,5.523547094188371887e+01,5.523547094188372419e-01
2.114228456913826992e-01,9.691708115361419428e-06,2.181481769516728673e+04,5.629258517034062947e+01,5.629258517034063658e-01
2.134268537074147654e-01,1.022470700255440541e-05,2.087364006167560728e+04,5.735971943887770408e+01,5.735971943887770985e-01
2.154308617234468315e-01,1.080025020700547614e-05,1.994683989670070150e+04,5.843687374749494268e+01,5.843687374749494401e-01
2.174348697394788976e-01,1.142285112372618356e-05,1.903507866681805172e+04,5.952404809619233816e+01,5.952404809619233905e-01
2.194388777555109638e-01,1.209761274722406879e-05,1.813902315610686492e+04,6.062124248496989054e+01,6.062124248496989498e-01
2.214428857715430299e-01,1.283031768844899565e-05,1.725934549312881063e+04,6.172845691382760691e+01,6.172845691382761180e-01
2.234468937875750960e-01,1.362753346333957669e-05,1.639672317728559574e+04,6.284569138276548728e+01,6.284569138276548950e-01
2.254509018036071621e-01,1.449673574220022324e-05,1.555183910453138014e+04,6.397294589178352453e+01,6.397294589178352808e-01
2.274549098196392283e-01,1.544645267031327247e-05,1.472538159242138681e+04,6.511022044088173288e+01,6.511022044088172755e-01
2.294589178356712944e-01,1.648643380975060795e-05,1.391804440448254536e+04,6.625751503006009102e+01,6.625751503006008791e-01
2.314629258517033605e-01,1.762784767415853657e-05,1.313052677389624660e+04,6.741482965931859894e+01,6.741482965931860916e-01
2.334669338677354267e-01,1.888351216550828213e-05,1.236353342648699254e+04,6.858216432865728507e+01,6.858216432865729129e-01
2.354709418837674928e-01,2.026816235724509651e-05,1.161777460301405154e+04,6.975951903807613519e+01,6.975951903807613430e-01
2.374749498997995589e-01,2.179875980328914355e-05,1.089396608076610573e+04,7.094689378757512088e+01,7.094689378757512710e-01
2.394789579158316251e-01,2.349484655800537319e-05,1.019282919446155029e+04,7.214428857715427057e+01,7.214428857715428078e-01
2.414829659318636912e-01,2.537894483350443408e-05,9.515090856459326460e+03,7.335170340681359846e+01,7.335170340681359535e-01
2.434869739478957573e-01,2.747699884017761743e-05,8.861483576287177129e+03,7.456913827655306193e+01,7.456913827655307081e-01
2.454909819639278235e-01,2.981884750054961575e-05,8.232745479495912150e+03,7.579659318637270360e+01,7.579659318637270715e-01
2.474949899799598896e-01,3.243870329188267454e-05,7.629620325849831715e+03,7.703406813627249505e+01,7.703406813627250438e-01
2.494989979959919557e-01,3.537559025482061925e-05,7.052857526864667307e+03,7.828156312625246471e+01,7.828156312625246249e-01
2.515030060120240218e-01,3.867365845056367271e-05,6.503212162705500305e+03,7.953907815631256994e+01,7.953907815631258149e-01
2.535070140280560880e-01,4.238223608064741707e-05,5.981444998458033297e+03,8.080661322645285338e+01,8.080661322645286138e-01
2.555110220440881541e-01,4.655539503263327701e-05,5.488322499787322158e+03,8.208416833667328660e+01,8.208416833667330215e-01
2.575150300601202202e-01,5.125067997228251280e-05,5.024616847998699086e+03,8.337174348697389803e+01,8.337174348697390380e-01
2.595190380761522864e-01,5.652647546085834114e-05,4.591105954516053316e+03,8.466933867735465924e+01,8.466933867735466634e-01
2.615230460921843525e-01,6.243725881043702883e-05,4.188573474793036439e+03,8.597695390781558444e+01,8.597695390781558977e-01
2.635270541082164186e-01,6.902573345533230076e-05,3.817808821672994782e+03,8.729458917835665943e+01,8.729458917835667409e-01
2.655310621242484848e-01,7.631064327800638966e-05,3.479607178213600491e+03,8.862224448897791262e+01,8.862224448897791929e-01
2.675350701402805509e-01,8.426913175846117250e-05,3.174769509992231178e+03,8.995991983967931560e+01,8.995991983967932537e-01
2.695390781563125060e-01,9.281320856210037733e-05,2.904102576908184801e+03,9.130761523046088257e+01,9.130761523046089234e-01
2.715430861723445721e-01,1.017617892168938131e-04,2.668418944497732809e+03,9.266533066132261354e+01,9.266533066132262020e-01
2.735470941883766383e-01,1.108134473038288077e-04,2.468536994777934979e+03,9.403306613226450850e+01,9.403306613226450894e-01
2.755511022044087044e-01,1.195303781961736672e-04,2.305280936634980662e+03,9.541082164328655324e+01,9.541082164328654747e-01
2.775551102204407705e-01,1.273491871145692714e-04,2.179480815772614733e+03,9.679859719438873356e+01,9.679859719438874688e-01
2.795591182364728366e-01,1.336342208120391058e-04,2.091972524236002755e+03,9.819639278557110629e+01,9.819639278557110718e-01
2.815631262525049028e-01,1.377781503483795197e-04,2.043597809526091623e+03,9.960420841683361459e+01,9.960420841683362836e-01
2.835671342685369689e-01,1.391956915339916080e-04,2.037183271576260267e+03,1.000000000000000000e+02,1.000000000000000000e+00
2.855711422845690350e-01,1.401794066685074498e-04,2.037183271576260267e+03,1.000000000000000000e+02,1.000000000000000000e+00
2.875751503006011012e-01,1.411631218030232917e-04,2.037183271576260267e+03,1.000000000000000000e+02,1.000000000000000000e+00
2.895791583166331673e-01,1.421468369375391335e-04,2.037183271576260267e+03,1.000000000000000000e+02,1.000000000000000000e+00
2.915831663326652334e-01,1.431305520720549754e-04,2.037183271576260267e+03,1.000000000000000000e+02,1.000000000000000000e+00
2.935871743486972996e-01,1.441142672065708172e-04,2.037183271576260267e+03,1.000000000000000000e+02,1.000000000000000000e+00
2.955911823647293657e-01,1.450979823410866590e-04,2.037183271576260267e+03,1.000000000000000000e+02,1.000000000000000000e+00
2.975951903807614318e-01,1.460816974756025009e-04,2.037183271576260267e+03,1.000000000000000000e+02,1.000000000000000000e+00
2.995991983967934980e-01,1.470654126101183427e-04,2.037183271576260267e+03,1.000000000000000000e+02,1.000000000000000000e+00
3.016032064128255641e-01,1.480491277446341846e-04,2.037183271576260267e+03,1.000000000000000000e+02,1.000000000000000000e+00
3.036072144288576302e-01,1.490328428791500264e-04,2.037183271576260267e+03,1.000000000000000000e+02,1.000000000000000000e+00
3.056112224448896963e-01,1.500165580136658683e-04,2.037183271576260267e+03,1.000000000000000000e+02,1.000000000000000000e+00
3.076152304609217625e-01,1.510002731481817101e-04,2.037183271576260267e+03,1.000000000000000000e+02,1.000000000000000000e+00
3.096192384769538286e-01,1.519839882826975520e-04,2.037183271576260267e+03,1.000000000000000000e+02,1.000000000000000000e+00
3.116232464929858947e-01,1.529677034172133938e-04,2.037183271576260267e+03,1.000000000000000000e+02,1.000000000000000000e+00
3.136272545090179609e-01,1.539514185517292628e-04,2.037183271576260267e+03,1.000000000000000000e+02,1.000000000000000000e+00
3.156312625250500270e-01,1.549351336862451046e-04,2.037183271576260267e+03,1.000000000000000000e+02,1.000000000000000000e+00
3.176352705410820931e-01,1.559188488207609465e-04,2.037183271576260267e+03,1.000000000000000000e+02,1.000000000000000000e+00
3.196392785571141593e-01,1.569025639552767883e-04,2.037183271576260267e+03,1.000000000000000000e+02,1.000000000000000000e+00
3.216432865731462254e-01,1.578862790897926302e-04,2.037183271576260267e+03,1.000000000000000000e+02,1.000000000000000000e+00
3.236472945891782915e-01,1.588699942243084720e-04,2.037183271576260267e+03,1.000000000000000000e+02,1.000000000000000000e+00
3.256513026052103577e-01,1.598537093588243139e-04,2.037183271576260267e+03,1.000000000000000000e+02,1.000000000000000000e+00
3.276553106212424238e-01,1.608374244933401557e-04,2.037183271576260267e+03,1.000000000000000000e+02,1.000000000000000000e+00
3.296593186372744899e-01,1.618211396278559976e-04,2.037183271576260267e+03,1.000000000000000000e+02,1.000000000000000000e+00
3.316633266533065560e-01,1.628048547623718394e-04,2.037183271576260267e+03,1.000000000000000000e+02,1.000000000000000000e+00
3.336673346693386222e-01,1.637885698968876813e-04,2.037183271576260267e+03,1.000000000000000000e+02,1.000000000000000000e+00
3.356713426853706883e-01,1.647722850314035231e-04,2.037183271576260267e+03,1.000000000000000000e+02,1.000000000000000000e+00
3.376753507014027544e-01,1.657560001659193650e-04,2.037183271576260267e+03,1.000000000000000000e+02,1.000000000000000000e+00
3.396793587174348206e-01,1.667397153004352068e-04,2.037183271576260267e+03,1.000000000000000000e+02,1.000000000000000000e+00
3.416833667334668867e-01,1.677234304349510487e-04,2.037183271576260267e+03,1.000000000000000000e+02,1.000000000000000000e+00
3.436873747494989528e-01,1.687071455694668905e-04,2.037183271576260267e+03,1.000000000000000000e+02,1.000000000000000000e+00
3.456913827655310190e-01,1.696908607039827324e-04,2.037183271576260267e+03,1.000000000000000000e+02,1.000000000000000000e+00
3.476953907815630851e-01,1.706745758384985742e-04,2.037183271576260267e+03,1.000000000000000000e+02,1.000000000000000000e+00
3.496993987975951512e-01,1.716582909730144161e-04,2.037183271576260267e+03,1.000000000000000000e+02,1.000000000000000000e+00
3.517034068136272174e-01,1.726420061075302579e-04,2.037183271576260267e+03,1.000000000000000000e+02,1.000000000000000000e+00
3.537074148296592835e-01,1.736257212420460997e-04,2.037183271576260267e+03,1.000000000000000000e+02,1.000000000000000000e+00
3.557114228456913496e-01,1.746094363765619416e-04,2.037183271576260267e+03,1.000000000000000000e+02,1.000000000000000000e+00
3.577154308617234157e-01,1.755931515110778105e-04,2.037183271576260267e+03,1.000000000000000000e+02,1.000000000000000000e+00
3.597194388777554819e-01,1.765768666455936524e-04,2.037183271576260267e+03,1.000000000000000000e+02,1.000000000000000000e+00
3.617234468937875480e-01,1.775605817801094942e-04,2.037183271576260267e+03,1.000000000000000000e+02,1.000000000000000000e+00
3.637274549098196141e-01,1.785442969146253361e-04,2.037183271576260267e+03,1.000000000000000000e+02,1.000000000000000000e+00
3.657314629258516803e-01,1.795280120491411779e-04,2.037183271576260267e+03,1.000000000000000000e+02,1.000000000000000000e+00
3.677354709418837464e-01,1.805117271836570198e-04,2.037183271576260267e+03,1.000000000000000000e+02,1.000000000000000000e+00
3.697394789579158125e-01,1.814954423181728616e-04,2.037183271576260267e+03,1.000000000000000000e+02,1.000000000000000000e+00
3.717434869739478787e-01,1.824791574526887035e-04,2.037183271576260267e+03,1.000000000000000000e+02,1.000000000000000000e+00
3.737474949899798338e-01,1.834628725872044911e-04,2.037183271576260267e+03,1.000000000000000000e+02,1.000000000000000000e+00
3.757515030060118999e-01,1.844465877217203330e-04,2.037183271576260267e+03,1.000000000000000000e+02,1.000000000000000000e+00
3.777555110220439660e-01,1.854303028562361748e-04,2.037183271576260267e+03,1.000000000000000000e+02,1.000000000000000000e+00
3.797595190380760322e-01,1.864140179907520167e-04,2.037183271576260267e+03,1.000000000000000000e+02,1.000000000000000000e+00
3.817635270541080983e-01,1.873977331252678585e-04,2.037183271576260267e+03,1.000000000000000000e+02,1.000000000000000000e+00
3.837675350701401644e-01,1.883814482597837004e-04,2.037183271576260267e+03,1.000000000000000000e+02,1.000000000000000000e+00
3.857715430861722306e-01,1.893651633942995422e-04,2.037183271576260267e+03,1.000000000000000000e+02,1.000000000000000000e+00
3.877755511022042967e-01,1.903488785288153841e-04,2.037183271576260267e+03,1.000000000000000000e+02,1.000000000000000000e+00
3.897795591182363628e-01,1.913325936633312259e-04,2.037183271576260267e+03,1.000000000000000000e+02,1.000000000000000000e+00
3.917835671342684289e-01,1.923163087978470678e-04,2.037183271576260267e+03,1.000000000000000000e+02,1.000000000000000000e+00
3.937875751503004951e-01,1.933000239323629096e-04,2.037183271576260267e+03,1.000000000000000000e+02,1.000000000000000000e+00
3.957915831663325612e-01,1.942837390668787515e-04,2.037183271576260267e+03,1.000000000000000000e+02,1.000000000000000000e+00
3.977955911823646273e-01,1.952674542013945933e-04,2.037183271576260267e+03,1.000000000000000000e+02,1.000000000000000000e+00
3.997995991983966935e-01,1.962511693359104351e-04,2.037183271576260267e+03,1.000000000000000000e+02,1.000000000000000000e+00
4.018036072144287596e-01,1.972348844704262770e-04,2.037183271576260267e+03,1.000000000000000000e+02,1.000000000000000000e+00
4.038076152304608257e-01,1.982185996049421460e-04,2.037183271576260267e+03,1.000000000000000000e+02,1.000000000000000000e+00
4.058116232464928919e-01,1.992023147394579878e-04,2.037183271576260267e+03,1.000000000000000000e+02,1.000000000000000000e+00
4.078156312625249580e-01,2.001860298739738296e-04,2.037183271576260267e+03,1.000000000000000000e+02,1.000000000000000000e+00
4.098196392785570241e-01,2.011697450084896715e-04,2.037183271576260267e+03,1.000000000000000000e+02,1.000000000000000000e+00
4.118236472945890903e-01,2.021534601430055133e-04,2.037183271576260267e+03,1.000000000000000000e+02,1.000000000000000000e+00
4.138276553106211564e-01,2.031371752775213552e-04,2.037183271576260267e+03,1.000000000000000000e+02,1.000000000000000000e+00
4.158316633266532225e-01,2.041208904120371970e-04,2.037183271576260267e+03,1.000000000000000000e+02,1.000000000000000000e+00
4.178356713426852886e-01,2.051046055465530389e-04,2.037183271576260267e+03,1.000000000000000000e+02,1.000000000000000000e+00
4.198396793587173548e-01,2.060883206810688807e-04,2.037183271576260267e+03,1.000000000000000000e+02,1.000000000000000000e+00
4.218436873747494209e-01,2.070720358155847226e-04,2.037183271576260267e+03,1.000000000000000000e+02,1.000000000000000000e+00
4.238476953907814870e-01,2.080557509501005644e-04,2.037183271576260267e+03,1.000000000000000000e+02,1.000000000000000000e+00
4.258517034068135532e-01,2.090394660846164063e-04,2.037183271576260267e+03,1.000000000000000000e+02,1.000000000000000000e+00
4.278557114228456193e-01,2.100231812191322481e-04,2.037183271576260267e+03,1.000000000000000000e+02,1.000000000000000000e+00
4.298597194388776854e-01,2.110068963536480900e-04,2.037183271576260267e+03,1.000000000000000000e+02,1.000000000000000000e+00
4.318637274549097516e-01,2.119906114881639318e-04,2.037183271576260267e+03,1.000000000000000000e+02,1.000000000000000000e+00
4.338677354709418177e-01,2.129743266226797737e-04,2.037183271576260267e+03,1.000000000000000000e+02,1.000000000000000000e+00
4.358717434869738838e-01,2.139580417571956155e-04,2.037183271576260267e+03,1.000000000000000000e+02,1.000000000000000000e+00
4.378757515030059499e-01,2.149417568917114574e-04,2.037183271576260267e+03,1.000000000000000000e+02,1.000000000000000000e+00
4.398797595190380161e-01,2.159254720262272992e-04,2.037183271576260267e+03,1.000000000000000000e+02,1.000000000000000000e+00
4.418837675350700822e-01,2.169091871607431411e-04,2.037183271576260267e+03,1.000000000000000000e+02,1.000000000000000000e+00
4.438877755511021483e-01,2.178929022952589829e-04,2.037183271576260267e+03,1.000000000000000000e+02,1.000000000000000000e+00
4.458917835671342145e-01,2.188766174297748248e-04,2.037183271576260267e+03,1.000000000000000000e+02,1.000000000000000000e+00
4.478957915831662806e-01,2.198603325642906937e-04,2.037183271576260267e+03,1.000000000000000000e+02,1.000000000000000000e+00
4.498997995991983467e-01,2.208440476988065356e-04,2.037183271576260267e+03,1.000000000000000000e+02,1.000000000000000000e+00
4.519038076152304129e-01,2.218277628333223774e-04,2.037183271576260267e+03,1.000000000000000000e+02,1.000000000000000000e+00
4.539078156312624790e-01,2.228114779678382193e-04,2.037183271576260267e+03,1.000000000000000000e+02,1.000000000000000000e+00
4.559118236472945451e-01,2.237951931023540611e-04,2.037183271576260267e+03,1.000000000000000000e+02,1.000000000000000000e+00
4.579158316633266113e-01,2.247789082368699030e-04,2.037183271576260267e+03,1.000000000000000000e+02,1.000000000000000000e+00
4.599198396793586774e-01,2.257626233713857448e-04,2.037183271576260267e+03,1.000000000000000000e+02,1.000000000000000000e+00
4.619238476953907435e-01,2.267463385059015867e-04,2.037183271576260267e+03,1.000000000000000000e+02,1.000000000000000000e+00
4.639278557114228096e-01,2.277300536404174285e-04,2.037183271576260267e+03,1.000000000000000000e+02,1.000000000000000000e+00
4.659318637274548758e-01,2.287137687749332703e-04,2.037183271576260267e+03,1.000000000000000000e+02,1.000000000000000000e+00
4.679358717434869419e-01,2.296974839094491122e-04,2.037183271576260267e+03,1.000000000000000000e+02,1.000000000000000000e+00
4.699398797595190080e-01,2.306811990439649540e-04,2.037183271576260267e+03,1.000000000000000000e+02,1.000000000000000000e+00
4.719438877755510742e-01,2.316649141784807959e-04,2.037183271576260267e+03,1.000000000000000000e+02,1.000000000000000000e+00
4.739478957915831403e-01,2.326486293129966377e-04,2.037183271576260267e+03,1.000000000000000000e+02,1.000000000000000000e+00
4.759519038076150954e-01,2.336323444475124254e-04,2.037183271576260267e+03,1.000000000000000000e+02,1.000000000000000000e+00
4.779559118236471615e-01,2.346160595820282672e-04,2.037183271576260267e+03,1.000000000000000000e+02,1.000000000000000000e+00
4.799599198396792277e-01,2.355997747165441091e-04,2.037183271576260267e+03,1.000000000000000000e+02,1.000000000000000000e+00
4.819639278557112938e-01,2.365834898510599509e-04,2.037183271576260267e+03,1.000000000000000000e+02,1.000000000000000000e+00
4.839679358717433599e-01,2.375672049855757928e-04,2.037183271576260267e+03,1.000000000000000000e+02,1.000000000000000000e+00
4.859719438877754261e-01,2.385509201200916346e-04,2.037183271576260267e+03,1.000000000000000000e+02,1.000000000000000000e+00
4.879759519038074922e-01,2.395346352546074765e-04,2.037183271576260267e+03,1.000000000000000000e+02,1.000000000000000000e+00
4.899799599198395583e-01,2.405183503891233183e-04,2.037183271576260267e+03,1.000000000000000000e+02,1.000000000000000000e+00
4.919839679358716245e-01,2.415020655236391602e-04,2.037183271576260267e+03,1.000000000000000000e+02,1.000000000000000000e+00
4.939879759519036906e-01,2.424857806581550291e-04,2.037183271576260267e+03,1.000000000000000000e+02,1.000000000000000000e+00
4.959919839679357567e-01,2.434694957926708710e-04,2.037183271576260267e+03,1.000000000000000000e+02,1.000000000000000000e+00
4.979959919839678228e-01,2.444532109271866857e-04,2.037183271576260267e+03,1.000000000000000000e+02,1.000000000000000000e+00
5.000000000000000000e-01,2.454369260617026089e-04,2.037183271576260267e+03,1.000000000000000000e+02,1.000000000000000000e+00
4.979959919839679339e-01,2.444532109271867399e-04,2.037183271576260267e+03,1.000000000000000000e+02,1.000000000000000000e+00
4.959919839679358677e-01,2.434694957926709252e-04,2.037183271576260267e+03,1.000000000000000000e+02,1.000000000000000000e+00
4.939879759519038016e-01,2.424857806581550833e-04,2.037183271576260267e+03,1.000000000000000000e+02,1.000000000000000000e+00
4.919839679358717355e-01,2.415020655236392415e-04,2.037183271576260267e+03,1.000000000000000000e+02,1.000000000000000000e+00
4.899799599198396693e-01,2.405183503891233725e-04,2.037183271576260267e+03,1.000000000000000000e+02,1.000000000000000000e+00
4.879759519038076032e-01,2.395346352546075307e-04,2.037183271576260267e+03,1.000000000000000000e+02,1.000000000000000000e+00
4.859719438877755371e-01,2.385509201200916888e-04,2.037183271576260267e+03,1.000000000000000000e+02,1.000000000000000000e+00
4.839679358717434710e-01,2.375672049855758470e-04,2.037183271576260267e+03,1.000000000000000000e+02,1.000000000000000000e+00
4.819639278557114048e-01,2.365834898510600051e-04,2.037183271576260267e+03,1.000000000000000000e+02,1.000000000000000000e+00
4.799599198396793387e-01,2.355997747165441633e-04,2.037183271576260267e+03,1.000000000000000000e+02,1.000000000000000000e+00
4.779559118236472726e-01,2.346160595820283214e-04,2.037183271576260267e+03,1.000000000000000000e+02,1.000000000000000000e+00
4.759519038076152064e-01,2.336323444475124796e-04,2.037183271576260267e+03,1.000000000000000000e+02,1.000000000000000000e+00
4.739478957915831403e-01,2.326486293129966377e-04,2.037183271576260267e+03,1.000000000000000000e+02,1.000000000000000000e+00
4.719438877755511297e-01,2.316649141784808230e-04,2.037183271576260267e+03,1.000000000000000000e+02,1.000000000000000000e+00
4.699398797595190636e-01,2.306811990439649811e-04,2.037183271576260267e+03,1.000000000000000000e+02,1.000000000000000000e+00
4.679358717434869974e-01,2.296974839094491393e-04,2.037183271576260267e+03,1.000000000000000000e+02,1.000000000000000000e+00
4.659318637274549313e-01,2.287137687749332975e-04,2.037183271576260267e+03,1.000000000000000000e+02,1.000000000000000000e+00
4.639278557114228652e-01,2.277300536404174556e-04,2.037183271576260267e+03,1.000000000000000000e+02,1.000000000000000000e+00
4.619238476953907990e-01,2.267463385059016138e-04,2.037183271576260267e+03,1.000000000000000000e+02,1.000000000000000000e+00
4.599198396793587329e-01,2.257626233713857719e-04,2.037183271576260267e+03,1.000000000000000000e+02,1.000000000000000000e+00
4.579158316633266668e-01,2.247789082368699301e-04,2.037183271576260267e+03,1.000000000000000000e+02,1.000000000000000000e+00
4.559118236472946006e-01,2.237951931023540882e-04,2.037183271576260267e+03,1.000000000000000000e+02,1.000000000000000000e+00
4.539078156312625345e-01,2.228114779678382464e-04,2.037183271576260267e+03,1.000000000000000000e+02,1.000000000000000000e+00
4.519038076152304684e-01,2.218277628333224045e-04,2.037183271576260267e+03,1.000000000000000000e+02,1.000000000000000000e+00
4.498997995991984022e-01,2.208440476988065627e-04,2.037183271576260267e+03,1.000000000000000000e+02,1.000000000000000000e+00
4.478957915831663361e-01,2.198603325642907208e-04,2.037183271576260267e+03,1.000000000000000000e+02,1.000000000000000000e+00
4.458917835671342700e-01,2.188766174297748519e-04,2.037183271576260267e+03,1.000000000000000000e+02,1.000000000000000000e+00
4.438877755511022039e-01,2.178929022952590100e-04,2.037183271576260267e+03,1.000000000000000000e+02,1.000000000000000000e+00
4.418837675350701377e-01,2.169091871607431682e-04,2.037183271576260267e+03,1.000000000000000000e+02,1.000000000000000000e+00
4.398797595190380716e-01,2.159254720262273263e-04,2.037183271576260267e+03,1.000000000000000000e+02,1.000000000000000000e+00
4.378757515030060055e-01,2.149417568917114845e-04,2.037183271576260267e+03,1.000000000000000000e+02,1.000000000000000000e+00
4.358717434869739393e-01,2.139580417571956426e-04,2.037183271576260267e+03,1.000000000000000000e+02,1.000000000000000000e+00
4.338677354709418732e-01,2.129743266226798008e-04,2.037183271576260267e+03,1.000000000000000000e+02,1.000000000000000000e+00
4.318637274549098071e-01,2.119906114881639589e-04,2.037183271576260267e+03,1.000000000000000000e+02,1.000000000000000000e+00
4.298597194388777409e-01,2.110068963536481171e-04,2.037183271576260267e+03,1.000000000000000000e+02,1.000000000000000000e+00
4.278557114228457303e-01,2.100231812191323023e-04,2.037183271576260267e+03,1.000000000000000000e+02,1.000000000000000000e+00
4.258517034068136642e-01,2.090394660846164605e-04,2.037183271576260267e+03,1.000000000000000000e+02,1.000000000000000000e+00
4.238476953907815981e-01,2.080557509501006186e-04,2.037183271576260267e+03,1.000000000000000000e+02,1.000000000000000000e+00
4.218436873747495319e-01,2.070720358155847768e-04,2.037183271576260267e+03,1.000000000000000000e+02,1.000000000000000000e+00
4.198396793587174658e-01,2.060883206810689349e-04,2.037183271576260267e+03,1.000000000000000000e+02,1.000000000000000000e+00
4.178356713426853997e-01,2.051046055465530931e-04,2.037183271576260267e+03,1.000000000000000000e+02,1.000000000000000000e+00
4.158316633266533335e-01,2.041208904120372512e-04,2.037183271576260267e+03,1.000000000000000000e+02,1.000000000000000000e+00
4.138276553106212674e-01,2.031371752775214094e-04,2.037183271576260267e+03,1.000000000000000000e+02,1.000000000000000000e+00
4.118236472945892013e-01,2.021534601430055676e-04,2.037183271576260267e+03,1.000000000000000000e+02,1.000000000000000000e+00
4.098196392785571351e-01,2.011697450084897257e-04,2.037183271576260267e+03,1.000000000000000000e+02,1.000000000000000000e+00
4.078156312625250690e-01,2.001860298739738839e-04,2.037183271576260267e+03,1.000000000000000000e+02,1.000000000000000000e+00
4.058116232464930029e-01,1.992023147394580420e-04,2.037183271576260267e+03,1.000000000000000000e+02,1.000000000000000000e+00
4.038076152304609368e-01,1.982185996049422002e-04,2.037183271576260267e+03,1.000000000000000000e+02,1.000000000000000000e+00
4.018036072144288706e-01,1.972348844704263312e-04,2.037183271576260267e+03,1.000000000000000000e+02,1.000000000000000000e+00
3.997995991983968045e-01,1.962511693359104894e-04,2.037183271576260267e+03,1.000000000000000000e+02,1.000000000000000000e+00
3.977955911823647384e-01,1.952674542013946475e-04,2.037183271576260267e+03,1.000000000000000000e+02,1.000000000000000000e+00
3.957915831663326722e-01,1.942837390668788057e-04,2.037183271576260267e+03,1.000000000000000000e+02,1.000000000000000000e+00
3.937875751503006061e-01,1.933000239323629638e-04,2.037183271576260267e+03,1.000000000000000000e+02,1.000000000000000000e+00
3.917835671342685400e-01,1.923163087978471220e-04,2.037183271576260267e+03,1.000000000000000000e+02,1.000000000000000000e+00
3.897795591182364738e-01,1.913325936633312801e-04,2.037183271576260267e+03,1.000000000000000000e+02,1.000000000000000000e+00
3.877755511022044077e-01,1.903488785288154383e-04,2.037183271576260267e+03,1.000000000000000000e+02,1.000000000000000000e+00
3.857715430861723416e-01,1.893651633942995964e-04,2.037183271576260267e+03,1.000000000000000000e+02,1.000000000000000000e+00
3.837675350701402754e-01,1.883814482597837546e-04,2.037183271576260267e+03,1.000000000000000000e+02,1.000000000000000000e+00
3.817635270541082093e-01,1.873977331252679127e-04,2.037183271576260267e+03,1.000000000000000000e+02,1.000000000000000000e+00
3.797595190380761432e-01,1.864140179907520709e-04,2.037183271576260267e+03,1.000000000000000000e+02,1.000000000000000000e+00
3.777555110220440771e-01,1.854303028562362290e-04,2.037183271576260267e+03,1.000000000000000000e+02,1.000000000000000000e+00
3.757515030060120109e-01,1.844465877217203872e-04,2.037183271576260267e+03,1.000000000000000000e+02,1.000000000000000000e+00
3.737474949899799448e-01,1.834628725872045453e-04,2.037183271576260267e+03,1.000000000000000000e+02,1.000000000000000000e+00
3.717434869739478787e-01,1.824791574526887035e-04,2.037183271576260267e+03,1.000000000000000000e+02,1.000000000000000000e+00
3.697394789579158125e-01,1.814954423181728616e-04,2.037183271576260267e+03,1.000000000000000000e+02,1.000000000000000000e+00
3.677354709418837464e-01,1.805117271836570198e-04,2.037183271576260267e+03,1.000000000000000000e+02,1.000000000000000000e+00
3.657314629258516803e-01,1.795280120491411779e-04,2.037183271576260267e+03,1.000000000000000000e+02,1.000000000000000000e+00
3.637274549098196141e-01,1.785442969146253361e-04,2.037183271576260267e+03,1.000000000000000000e+02,1.000000000000000000e+00
3.617234468937875480e-01,1.775605817801094942e-04,2.037183271576260267e+03,1.000000000000000000e+02,1.000000000000000000e+00
3.597194388777554819e-01,1.765768666455936524e-04,2.037183271576260267e+03,1.000000000000000000e+02,1.000000000000000000e+00
3.577154308617234713e-01,1.755931515110778377e-04,2.037183271576260267e+03,1.000000000000000000e+02,1.000000000000000000e+00
3.557114228456914051e-01,1.746094363765619687e-04,2.037183271576260267e+03,1.000000000000000000e+02,1.000000000000000000e+00
3.537074148296593390e-01,1.736257212420461269e-04,2.037183271576260267e+03,1.000000000000000000e+02,1.000000000000000000e+00
3.517034068136272729e-01,1.726420061075302850e-04,2.037183271576260267e+03,1.000000000000000000e+02,1.000000000000000000e+00
3.496993987975952067e-01,1.716582909730144432e-04,2.037183271576260267e+03,1.000000000000000000e+02,1.000000000000000000e+00
3.476953907815631406e-01,1.706745758384986013e-04,2.037183271576260267e+03,1.000000000000000000e+02,1.000000000000000000e+00
3.456913827655310745e-01,1.696908607039827595e-04,2.037183271576260267e+03,1.000000000000000000e+02,1.000000000000000000e+00
3.436873747494990083e-01,1.687071455694669176e-04,2.037183271576260267e+03,1.000000000000000000e+02,1.000000000000000000e+00
3.416833667334669422e-01,1.677234304349510758e-04,2.037183271576260267e+03,1.000000000000000000e+02,1.000000000000000000e+00
3.396793587174348761e-01,1.667397153004352339e-04,2.037183271576260267e+03,1.000000000000000000e+02,1.000000000000000000e+00
3.376753507014028099e-01,1.657560001659193921e-04,2.037183271576260267e+03,1.000000000000000000e+02,1.000000000000000000e+00
3.356713426853707438e-01,1.647722850314035502e-04,2.037183271576260267e+03,1.000000000000000000e+02,1.000000000000000000e+00
3.336673346693386777e-01,1.637885698968877084e-04,2.037183271576260267e+03,1.000000000000000000e+02,1.000000000000000000e+00
3.316633266533066671e-01,1.628048547623718936e-04,2.037183271576260267e+03,1.000000000000000000e+02,1.000000000000000000e+00
3.296593186372746009e-01,1.618211396278560518e-04,2.037183271576260267e+03,1.000000000000000000e+02,1.000000000000000000e+00
3.276553106212425348e-01,1.608374244933402099e-04,2.037183271576260267e+03,1.000000000000000000e+02,1.000000000000000000e+00
3.256513026052104687e-01,1.598537093588243681e-04,2.037183271576260267e+03,1.000000000000000000e+02,1.000000000000000000e+00
3.236472945891784025e-01,1.588699942243085262e-04,2.037183271576260267e+03,1.000000000000000000e+02,1.000000000000000000e+00
3.216432865731463364e-01,1.578862790897926844e-04,2.037183271576260267e+03,1.000000000000000000e+02,1.000000000000000000e+00
3.196392785571142703e-01,1.569025639552768425e-04,2.037183271576260267e+03,1.000000000000000000e+02,1.000000000000000000e+00
3.176352705410822042e-01,1.559188488207610007e-04,2.037183271576260267e+03,1.000000000000000000e+02,1.000000000000000000e+00
3.156312625250501380e-01,1.549351336862451588e-04,2.037183271576260267e+03,1.000000000000000000e+02,1.000000000000000000e+00
3.136272545090180719e-01,1.539514185517293170e-04,2.037183271576260267e+03,1.000000000000000000e+02,1.000000000000000000e+00
3.116232464929860058e-01,1.529677034172134480e-04,2.037183271576260267e+03,1.000000000000000000e+02,1.000000000000000000e+00
3.096192384769539396e-01,1.519839882826976062e-04,2.037183271576260267e+03,1.000000000000000000e+02,1.000000000000000000e+00
3.076152304609218735e-01,1.510002731481817643e-04,2.037183271576260267e+03,1.000000000000000000e+02,1.000000000000000000e+00
3.056112224448898074e-01,1.500165580136659225e-04,2.037183271576260267e+03,1.000000000000000000e+02,1.000000000000000000e+00
3.036072144288577412e-01,1.490328428791500806e-04,2.037183271576260267e+03,1.000000000000000000e+02,1.000000000000000000e+00
3.016032064128256751e-01,1.480491277446342388e-04,2.037183271576260267e+03,1.000000000000000000e+02,1.000000000000000000e+00
2.995991983967936090e-01,1.470654126101183970e-04,2.037183271576260267e+03,1.000000000000000000e+02,1.000000000000000000e+00
2.975951903807615428e-01,1.460816974756025551e-04,2.037183271576260267e+03,1.000000000000000000e+02,1.000000000000000000e+00
2.955911823647294767e-01,1.450979823410867133e-04,2.037183271576260267e+03,1.000000000000000000e+02,1.000000000000000000e+00
2.935871743486974106e-01,1.441142672065708714e-04,2.037183271576260267e+03,1.000000000000000000e+02,1.000000000000000000e+00
2.915831663326653445e-01,1.431305520720550296e-04,2.037183271576260267e+03,1.000000000000000000e+02,1.000000000000000000e+00
2.895791583166332783e-01,1.421468369375391877e-04,2.037183271576260267e+03,1.000000000000000000e+02,1.000000000000000000e+00
2.875751503006012122e-01,1.411631218030233459e-04,2.037183271576260267e+03,1.000000000000000000e+02,1.000000000000000000e+00
2.855711422845691461e-01,1.401794066685075040e-04,2.037183271576260267e+03,1.000000000000000000e+02,1.000000000000000000e+00
2.835671342685370799e-01,1.391956915339916622e-04,2.037183271576260267e+03,1.000000000000000000e+02,1.000000000000000000e+00
2.815631262525050138e-01,1.382119763994758203e-04,2.037183271576260267e+03,1.000000000000000000e+02,1.000000000000000000e+00
2.795591182364729477e-01,1.372282612649599785e-04,2.037183271576260267e+03,1.000000000000000000e+02,1.000000000000000000e+00
2.775551102204408815e-01,1.362445461304441366e-04,2.037183271576260267e+03,1.000000000000000000e+02,1.000000000000000000e+00
2.755511022044088154e-01,1.352608309959282948e-04,2.037183271576260267e+03,1.000000000000000000e+02,1.000000000000000000e+00
2.735470941883767493e-01,1.342771158614124529e-04,2.037183271576260267e+03,1.000000000000000000e+02,1.000000000000000000e+00
2.715430861723446831e-01,1.332934007268966111e-04,2.037183271576260267e+03,1.000000000000000000e+02,1.000000000000000000e+00
2.695390781563126170e-01,1.323096855923807692e-04,2.037183271576260267e+03,1.000000000000000000e+02,1.000000000000000000e+00
2.675350701402805509e-01,1.313259704578649003e-04,2.037183271576260267e+03,1.000000000000000000e+02,1.000000000000000000e+00
2.655310621242484848e-01,1.303422553233490584e-04,2.037183271576260267e+03,1.000000000000000000e+02,1.000000000000000000e+00
2.635270541082164186e-01,1.293585401888332166e-04,2.037183271576260267e+03,1.000000000000000000e+02,1.000000000000000000e+00
2.615230460921843525e-01,1.283748250543173747e-04,2.037183271576260267e+03,1.000000000000000000e+02,1.000000000000000000e+00
2.595190380761522864e-01,1.273911099198015329e-04,2.037183271576260267e+03,1.000000000000000000e+02,1.000000000000000000e+00
2.575150300601202202e-01,1.264073947852856910e-04,2.037183271576260267e+03,1.000000000000000000e+02,1.000000000000000000e+00
2.555110220440882096e-01,1.254236796507698763e-04,2.037183271576260267e+03,1.000000000000000000e+02,1.000000000000000000e+00
2.535070140280561435e-01,1.244399645162540344e-04,2.037183271576260267e+03,1.000000000000000000e+02,1.000000000000000000e+00
2.515030060120240774e-01,1.234562493817381926e-04,2.037183271576260267e+03,1.000000000000000000e+02,1.000000000000000000e+00
2.494989979959920112e-01,1.224725342472223507e-04,2.037183271576260267e+03,1.000000000000000000e+02,1.000000000000000000e+00
2.474949899799599451e-01,1.214888191127065089e-04,2.037183271576260267e+03,1.000000000000000000e+02,1.000000000000000000e+00
2.454909819639278790e-01,1.205051039781906671e-04,2.037183271576260267e+03,1.000000000000000000e+02,1.000000000000000000e+00
2.434869739478958128e-01,1.195213888436748252e-04,2.037183271576260267e+03,1.000000000000000000e+02,1.000000000000000000e+00
2.414829659318637467e-01,1.185376737091589834e-04,2.037183271576260267e+03,1.000000000000000000e+02,1.000000000000000000e+00
2.394789579158316806e-01,1.175539585746431415e-04,2.037183271576260267e+03,1.000000000000000000e+02,1.000000000000000000e+00
2.374749498997996144e-01,1.165702434401272997e-04,2.037183271576260267e+03,1.000000000000000000e+02,1.000000000000000000e+00
2.354709418837675483e-01,1.155865283056114578e-04,2.037183271576260267e+03,1.000000000000000000e+02,1.000000000000000000e+00
2.334669338677354822e-01,1.146028131710956024e-04,2.037183271576260267e+03,1.000000000000000000e+02,1.000000000000000000e+00
2.314629258517034160e-01,1.136190980365797606e-04,2.037183271576260267e+03,1.000000000000000000e+02,1.000000000000000000e+00
2.294589178356713499e-01,1.126353829020639187e-04,2.037183271576260267e+03,1.000000000000000000e+02,1.000000000000000000e+00
2.274549098196392838e-01,1.116516677675480769e-04,2.037183271576260267e+03,1.000000000000000000e+02,1.000000000000000000e+00
2.254509018036072177e-01,1.106679526330322350e-04,2.037183271576260267e+03,1.000000000000000000e+02,1.000000000000000000e+00
2.234468937875751515e-01,1.096842374985163932e-04,2.037183271576260267e+03,1.000000000000000000e+02,1.000000000000000000e+00
2.214428857715430854e-01,1.087005223640005513e-04,2.037183271576260267e+03,1.000000000000000000e+02,1.000000000000000000e+00
2.194388777555110193e-01,1.077168072294847095e-04,2.037183271576260267e+03,1.000000000000000000e+02,1.000000000000000000e+00
2.174348697394790086e-01,1.067330920949688947e-04,2.037183271576260267e+03,1.000000000000000000e+02,1.000000000000000000e+00
2.154308617234469425e-01,1.057493769604530529e-04,2.037183271576260267e+03,1.000000000000000000e+02,1.000000000000000000e+00
2.134268537074148764e-01,1.047656618259372110e-04,2.037183271576260267e+03,1.000000000000000000e+02,1.000000000000000000e+00
2.114228456913828103e-01,1.037819466914213556e-04,2.037183271576260267e+03,1.000000000000000000e+02,1.000000000000000000e+00
2.094188376753507441e-01,1.027982315569055138e-04,2.037183271576260267e+03,1.000000000000000000e+02,1.000000000000000000e+00
2.074148296593186780e-01,1.018145164223896719e-04,2.037183271576260267e+03,1.000000000000000000e+02,1.000000000000000000e+00
2.054108216432866119e-01,1.008308012878738301e-04,2.037183271576260267e+03,1.000000000000000000e+02,1.000000000000000000e+00
2.034068136272545457e-01,9.984708615335798824e-05,2.037183271576260267e+03,1.000000000000000000e+02,1.000000000000000000e+00
2.014028056112224796e-01,9.886337101884214639e-05,2.037183271576260267e+03,1.000000000000000000e+02,1.000000000000000000e+00
1.993987975951904135e-01,9.787965588432630455e-05,2.037183271576260267e+03,1.000000000000000000e+02,1.000000000000000000e+00
1.973947895791583473e-01,9.689594074981046270e-05,2.037183271576260267e+03,1.000000000000000000e+02,1.000000000000000000e+00
1.953907815631262812e-01,9.591222561529462085e-05,2.037183271576260267e+03,1.000000000000000000e+02,1.000000000000000000e+00
1.933867735470942151e-01,9.492851048077877900e-05,2.037183271576260267e+03,1.000000000000000000e+02,1.000000000000000000e+00
1.913827655310621489e-01,9.394479534626293715e-05,2.037183271576260267e+03,1.000000000000000000e+02,1.000000000000000000e+00
1.893787575150300828e-01,9.296108021174708175e-05,2.037183271576260267e+03,1.000000000000000000e+02,1.000000000000000000e+00
1.873747494989980167e-01,9.197736507723123991e-05,2.037183271576260267e+03,1.000000000000000000e+02,1.000000000000000000e+00
1.853707414829659506e-01,9.099364994271539806e-05,2.037183271576260267e+03,1.000000000000000000e+02,1.000000000000000000e+00
1.833667334669338844e-01,9.000993480819955621e-05,2.037183271576260267e+03,1.000000000000000000e+02,1.000000000000000000e+00
1.813627254509018183e-01,8.902621967368371436e-05,2.037183271576260267e+03,1.000000000000000000e+02,1.000000000000000000e+00
1.793587174348697522e-01,8.804250453916787251e-05,2.037183271576260267e+03,1.000000000000000000e+02,1.000000000000000000e+00
1.773547094188376860e-01,8.705878940465203066e-05,2.037183271576260267e+03,1.000000000000000000e+02,1.000000000000000000e+00
1.753507014028056199e-01,8.607507427013618882e-05,2.037183271576260267e+03,1.000000000000000000e+02,1.000000000000000000e+00
1.733466933867735538e-01,8.509135913562034697e-05,2.037183271576260267e+03,1.000000000000000000e+02,1.000000000000000000e+00
1.713426853707414876e-01,8.410764400110450512e-05,2.037183271576260267e+03,1.000000000000000000e+02,1.000000000000000000e+00
1.693386773547094215e-01,8.312392886658866327e-05,2.037183271576260267e+03,1.000000000000000000e+02,1.000000000000000000e+00
1.673346693386773554e-01,8.214021373207280787e-05,2.037183271576260267e+03,1.000000000000000000e+02,1.000000000000000000e+00
1.653306613226453448e-01,8.115649859755699313e-05,2.037183271576260267e+03,1.000000000000000000e+02,1.000000000000000000e+00
1.633266533066132786e-01,8.017278346304115128e-05,2.037183271576260267e+03,1.000000000000000000e+02,1.000000000000000000e+00
1.613226452905812125e-01,7.918906832852530943e-05,2.037183271576260267e+03,1.000000000000000000e+02,1.000000000000000000e+00
1.593186372745491464e-01,7.820535319400946758e-05,2.037183271576260267e+03,1.000000000000000000e+02,1.000000000000000000e+00
1.573146292585170802e-01,7.722163805949362574e-05,2.037183271576260267e+03,1.000000000000000000e+02,1.000000000000000000e+00
1.553106212424850141e-01,7.623792292497778389e-05,2.037183271576260267e+03,1.000000000000000000e+02,1.000000000000000000e+00
1.533066132264529480e-01,7.525420779046194204e-05,2.037183271576260267e+03,1.000000000000000000e+02,1.000000000000000000e+00
1.513026052104208818e-01,7.427049265594610019e-05,2.037183271576260267e+03,1.000000000000000000e+02,1.000000000000000000e+00
1.492985971943888157e-01,7.328677752143025834e-05,2.037183271576260267e+03,1.000000000000000000e+02,1.000000000000000000e+00
1.472945891783567496e-01,7.230306238691441650e-05,2.037183271576260267e+03,1.000000000000000000e+02,1.000000000000000000e+00
1.452905811623246835e-01,7.131934725239857465e-05,2.037183271576260267e+03,1.000000000000000000e+02,1.000000000000000000e+00
1.432865731462926173e-01,7.033563211788271925e-05,2.037183271576260267e+03,1.000000000000000000e+02,1.000000000000000000e+00
1.412825651302605512e-01,6.935191698336687740e-05,2.037183271576260267e+03,1.000000000000000000e+02,1.000000000000000000e+00
1.392785571142284851e-01,6.836820184885103555e-05,2.037183271576260267e+03,1.000000000000000000e+02,1.000000000000000000e+00
1.372745490981964189e-01,6.738448671433519370e-05,2.037183271576260267e+03,1.000000000000000000e+02,1.000000000000000000e+00
1.352705410821643528e-01,6.640077157981935185e-05,2.037183271576260267e+03,1.000000000000000000e+02,1.000000000000000000e+00
1.332665330661322867e-01,6.541705644530351001e-05,2.037183271576260267e+03,1.000000000000000000e+02,1.000000000000000000e+00
1.312625250501002205e-01,6.443334131078766816e-05,2.037183271576260267e+03,1.000000000000000000e+02,1.000000000000000000e+00
1.292585170340681544e-01,6.344962617627182631e-05,2.037183271576260267e+03,1.000000000000000000e+02,1.000000000000000000e+00
1.272545090180360883e-01,6.246591104175598446e-05,2.037183271576260267e+03,1.000000000000000000e+02,1.000000000000000000e+00
1.252505010020040221e-01,6.148219590724014261e-05,2.037183271576260267e+03,1.000000000000000000e+02,1.000000000000000000e+00
1.232464929859719560e-01,6.049848077272429399e-05,2.037183271576260267e+03,1.000000000000000000e+02,1.000000000000000000e+00
1.212424849699398899e-01,5.951476563820845214e-05,2.037183271576260267e+03,1.000000000000000000e+02,1.000000000000000000e+00
1.192384769539078238e-01,5.853105050369261029e-05,2.037183271576260267e+03,1.000000000000000000e+02,1.000000000000000000e+00
1.172344689378757576e-01,5.754733536917676167e-05,2.037183271576260267e+03,1.000000000000000000e+02,1.000000000000000000e+00
1.152304609218437470e-01,5.656362023466094693e-05,2.037183271576260267e+03,1.000000000000000000e+02,1.000000000000000000e+00
1.132264529058116809e-01,5.557990510014510508e-05,2.037183271576260267e+03,1.000000000000000000e+02,1.000000000000000000e+00
1.112224448897796147e-01,5.459618996562926323e-05,2.037183271576260267e+03,1.000000000000000000e+02,1.000000000000000000e+00
1.092184368737475486e-01,5.361247483111342138e-05,2.037183271576260267e+03,1.000000000000000000e+02,1.000000000000000000e+00
1.072144288577154825e-01,5.262875969659757953e-05,2.037183271576260267e+03,1.000000000000000000e+02,1.000000000000000000e+00
1.052104208416834163e-01,5.164504456208173091e-05,2.037183271576260267e+03,1.000000000000000000e+02,1.000000000000000000e+00
1.032064128256513502e-01,5.066132942756588906e-05,2.037183271576260267e+03,1.000000000000000000e+02,1.000000000000000000e+00
1.012024048096192841e-01,4.967761429305004721e-05,2.037183271576260267e+03,1.000000000000000000e+02,1.000000000000000000e+00
9.919839679358721796e-02,4.869389915853420536e-05,2.037183271576260267e+03,1.000000000000000000e+02,1.000000000000000000e+00
9.719438877755515183e-02,4.771018402401836352e-05,2.037183271576260267e+03,1.000000000000000000e+02,1.000000000000000000e+00
9.519038076152308570e-02,4.672646888950252167e-05,2.037183271576260267e+03,1.000000000000000000e+02,1.000000000000000000e+00
9.318637274549101956e-02,4.574275375498667304e-05,2.037183271576260267e+03,1.000000000000000000e+02,1.000000000000000000e+00
9.118236472945895343e-02,4.475903862047083120e-05,2.037183271576260267e+03,1.000000000000000000e+02,1.000000000000000000e+00
8.917835671342688730e-02,4.377532348595498935e-05,2.037183271576260267e+03,1.000000000000000000e+02,1.000000000000000000e+00
8.717434869739482117e-02,4.279160835143914750e-05,2.037183271576260267e+03,1.000000000000000000e+02,1.000000000000000000e+00
8.517034068136275504e-02,4.180789321692330565e-05,2.037183271576260267e+03,1.000000000000000000e+02,1.000000000000000000e+00
8.316633266533068891e-02,4.082417808240745703e-05,2.037183271576260267e+03,1.000000000000000000e+02,1.000000000000000000e+00
8.116232464929862278e-02,3.984046294789161518e-05,2.037183271576260267e+03,1.000000000000000000e+02,1.000000000000000000e+00
7.915831663326655665e-02,3.885674781337577333e-05,2.037183271576260267e+03,1.000000000000000000e+02,1.000000000000000000e+00
7.715430861723449052e-02,3.787303267885993148e-05,2.037183271576260267e+03,1.000000000000000000e+02,1.000000000000000000e+00
7.515030060120242439e-02,3.688931754434408963e-05,2.037183271576260267e+03,1.000000000000000000e+02,1.000000000000000000e+00
7.314629258517035826e-02,3.590560240982824779e-05,2.037183271576260267e+03,1.000000000000000000e+02,1.000000000000000000e+00
7.114228456913829213e-02,3.492188727531239916e-05,2.037183271576260267e+03,1.000000000000000000e+02,1.000000000000000000e+00
6.913827655310622600e-02,3.393817214079655731e-05,2.037183271576260267e+03,1.000000000000000000e+02,1.000000000000000000e+00
6.713426853707415987e-02,3.295445700628071546e-05,2.037183271576260267e+03,1.000000000000000000e+02,1.000000000000000000e+00
6.513026052104209374e-02,3.197074187176487362e-05,2.037183271576260267e+03,1.000000000000000000e+02,1.000000000000000000e+00
6.312625250501008312e-02,3.098702673724905887e-05,2.037183271576260267e+03,1.000000000000000000e+02,1.000000000000000000e+00
6.112224448897801699e-02,3.000331160273321364e-05,2.037183271576260267e+03,1.000000000000000000e+02,1.000000000000000000e+00
5.911823647294595085e-02,2.901959646821737179e-05,2.037183271576260267e+03,1.000000000000000000e+02,1.000000000000000000e+00
5.711422845691388472e-02,2.803588133370152655e-05,2.037183271576260267e+03,1.000000000000000000e+02,1.000000000000000000e+00
5.511022044088181859e-02,2.705216619918568470e-05,2.037183271576260267e+03,1.000000000000000000e+02,1.000000000000000000e+00
5.310621242484975246e-02,2.606845106466984286e-05,2.037183271576260267e+03,1.000000000000000000e+02,1.000000000000000000e+00
5.110220440881768633e-02,2.508473593015399762e-05,2.037183271576260267e+03,1.000000000000000000e+02,1.000000000000000000e+00
4.909819639278562020e-02,2.410102079563815577e-05,2.037183271576260267e+03,1.000000000000000000e+02,1.000000000000000000e+00
4.709418837675355407e-02,2.311730566112231054e-05,2.037183271576260267e+03,1.000000000000000000e+02,1.000000000000000000e+00
4.509018036072148794e-02,2.213359052660646869e-05,2.037183271576260267e+03,1.000000000000000000e+02,1.000000000000000000e+00
4.308617234468942181e-02,2.114987539209062684e-05,2.037183271576260267e+03,1.000000000000000000e+02,1.000000000000000000e+00
4.108216432865735568e-02,2.016616025757478160e-05,2.037183271576260267e+03,1.000000000000000000e+02,1.000000000000000000e+00
3.907815631262528955e-02,1.918244512305893976e-05,2.037183271576260267e+03,1.000000000000000000e+02,1.000000000000000000e+00
3.707414829659322342e-02,1.819872998854309791e-05,2.037183271576260267e+03,1.000000000000000000e+02,1.000000000000000000e+00
3.507014028056115729e-02,1.721501485402725267e-05,2.037183271576260267e+03,1.000000000000000000e+02,1.000000000000000000e+00
3.306613226452909116e-02,1.623129971951141082e-05,2.037183271576260267e+03,1.000000000000000000e+02,1.000000000000000000e+00
3.106212424849702503e-02,1.524758458499556728e-05,2.037183271576260267e+03,1.000000000000000000e+02,1.000000000000000000e+00
2.905811623246495889e-02,1.426386945047972374e-05,2.037183271576260267e+03,1.000000000000000000e+02,1.000000000000000000e+00
2.705410821643289276e-02,1.328015431596388189e-05,2.037183271576260267e+03,1.000000000000000000e+02,1.000000000000000000e+00
2.505010020040082663e-02,1.229643918144803835e-05,2.037183271576260267e+03,1.000000000000000000e+02,1.000000000000000000e+00
2.304609218436876050e-02,1.131272404693219481e-05,2.037183271576260267e+03,1.000000000000000000e+02,1.000000000000000000e+00
2.104208416833669437e-02,1.032900891241635296e-05,2.037183271576260267e+03,1.000000000000000000e+02,1.000000000000000000e+00
1.903807615230462824e-02,9.345293777900509416e-06,2.037183271576260267e+03,1.000000000000000000e+02,1.000000000000000000e+00
1.703406813627256211e-02,8.361578643384665874e-06,2.037183271576260267e+03,1.000000000000000000e+02,1.000000000000000000e+00
1.503006012024049598e-02,7.377863508868823178e-06,2.037183271576260267e+03,1.000000000000000000e+02,1.000000000000000000e+00
1.302605210420842985e-02,6.394148374352979636e-06,2.037183271576260267e+03,1.000000000000000000e+02,1.000000000000000000e+00
1.102204408817641923e-02,5.410433239837164046e-06,2.037183271576260267e+03,1.000000000000000000e+02,1.000000000000000000e+00
9.018036072144353099e-03,4.426718105321321351e-06,2.037183271576260267e+03,1.000000000000000000e+02,1.000000000000000000e+00
7.014028056112286968e-03,3.443002970805477809e-06,2.037183271576260267e+03,1.000000000000000000e+02,1.000000000000000000e+00
5.010020040080220838e-03,2.459287836289635114e-06,2.037183271576260267e+03,1.000000000000000000e+02,1.000000000000000000e+00
3.006012024048154707e-03,1.475572701773791783e-06,2.037183271576260267e+03,1.000000000000000000e+02,1.000000000000000000e+00
1.002004008016088576e-03,4.918575672579487703e-07,2.037183271576260267e+03,1.000000000000000000e+02,1.000000000000000000e+00
-1.002004008015977554e-03,-4.918352530800444823e-07,2.037275696975924120e+03,9.999248496993986635e+01,9.999248496993987656e-01
-3.006012024048043685e-03,-1.475300029106907504e-06,2.037559794442472139e+03,9.996993987975950802e+01,9.996993987975951734e-01
-5.010020040080109816e-03,-2.458234696051484884e-06,2.038056027818419807e+03,9.993236472945891080e+01,9.993236472945891125e-01
-7.014028056112175946e-03,-3.440275261918701947e-06,2.038798503640760828e+03,9.987975951903806049e+01,9.987975951903806937e-01
-9.018036072144242077e-03,-4.420963557762412181e-06,2.039834971340173752e+03,9.981212424849698550e+01,9.981212424849699172e-01
-1.102204408817630821e-02,-5.399715485400988257e-06,2.041226823519906247e+03,9.972945891783565742e+01,9.972945891783566719e-01
-1.302605210420837434e-02,-6.375790052088084573e-06,2.043049096314317239e+03,9.963176352705410466e+01,9.963176352705410688e-01
-1.503006012024044047e-02,-7.348259582685567017e-06,2.045390469827061679e+03,9.951903807615229880e+01,9.951903807615229969e-01
-1.703406813627250660e-02,-8.315981621426298779e-06,2.048353268648872017e+03,9.939128256513025406e+01,9.939128256513025672e-01
-1.903807615230457273e-02,-9.277573172742457834e-06,2.052053462454869987e+03,9.924849699398797043e+01,9.924849699398796687e-01
-2.104208416833663886e-02,-1.023138807716632153e-05,2.056620666681274088e+03,9.909068136272543370e+01,9.909068136272544125e-01
-2.304609218436870499e-02,-1.117549846480688985e-05,2.062198143281382272e+03,9.891783567134268651e+01,9.891783567134267985e-01
-2.505010020040077112e-02,-1.210768136340261041e-05,2.068942801560559474e+03,9.872995991983967201e+01,9.872995991983967157e-01
-2.705410821643283725e-02,-1.302541164560091021e-05,2.077025199089954185e+03,9.852705410821641863e+01,9.852705410821642751e-01
-2.905811623246490338e-02,-1.392586256345532995e-05,2.086629542698496152e+03,9.830911823647292636e+01,9.830911823647293657e-01
-3.106212424849696951e-02,-1.480591511782525539e-05,2.097953689542661778e+03,9.807615230460919520e+01,9.807615230460920985e-01
-3.306613226452903564e-02,-1.566217742656443460e-05,2.111209148253291914e+03,9.782815631262523937e+01,9.782815631262524736e-01
-3.507014028056110178e-02,-1.649101506975836351e-05,2.126621080158588939e+03,9.756513026052103044e+01,9.756513026052103799e-01
-3.707414829659316791e-02,-1.728859308866986867e-05,2.144428300582181237e+03,9.728707414829658262e+01,9.728707414829659283e-01
-3.907815631262523404e-02,-1.805092989066175725e-05,2.164883280214912247e+03,9.699398797595189592e+01,9.699398797595190080e-01
-4.108216432865730017e-02,-1.877396276899113251e-05,2.188252146558664663e+03,9.668587174348697033e+01,9.668587174348697300e-01
-4.308617234468936630e-02,-1.945362410134358414e-05,2.214814685440209360e+03,9.636272545090180586e+01,9.636272545090179831e-01
-4.509018036072143243e-02,-2.008592657703586718e-05,2.244864342592628873e+03,9.602454909819637408e+01,9.602454909819638784e-01
-4.709418837675349856e-02,-2.066705506823931300e-05,2.278708225301380025e+03,9.567134268537073183e+01,9.567134268537074160e-01
-4.909819639278556469e-02,-2.119346206697036758e-05,2.316667104111518711e+03,9.530310621242483649e+01,9.530310621242484848e-01
-5.110220440881763082e-02,-2.166196302700965036e-05,2.359075414591919980e+03,9.491983967935871647e+01,9.491983967935871958e-01
-5.310621242484969695e-02,-2.206982754940846713e-05,2.406281259151618997e+03,9.452154308617234335e+01,9.452154308617234379e-01
-5.511022044088176308e-02,-2.241486219463414495e-05,2.458646408902504845e+03,9.410821643286573135e+01,9.410821643286573224e-01
-5.711422845691382921e-02,-2.269548083843740438e-05,2.516546305561604186e+03,9.367985971943888046e+01,9.367985971943887380e-01
-5.911823647294589534e-02,-2.291075893021002010e-05,2.580370063385061712e+03,9.323647294589177648e+01,9.323647294589177958e-01
-6.112224448897796147e-02,-2.306046874749993148e-05,2.650520471124614232e+03,9.277805611222444782e+01,9.277805611222444959e-01
-6.312625250501002760e-02,-2.314509372027033035e-05,2.727413993995818146e+03,9.230460921843686606e+01,9.230460921843687272e-01
-6.513026052104198271e-02,-2.316582104534788933e-05,2.811480775645605718e+03,9.181613226452905963e+01,9.181613226452906007e-01
-6.713426853707404884e-02,-2.312451302612035224e-05,2.903164640104739192e+03,9.131262525050100010e+01,9.131262525050100054e-01
-6.913827655310611497e-02,-2.302365874702544727e-05,3.002923093708486704e+03,9.079408817635270168e+01,9.079408817635270523e-01
-7.114228456913818111e-02,-2.286630872405884742e-05,3.111227326966229612e+03,9.026052104208416438e+01,9.026052104208417415e-01
-7.314629258517024724e-02,-2.265599597696113784e-05,3.228562216357764555e+03,8.971192384769538819e+01,8.971192384769539618e-01
-7.515030060120231337e-02,-2.239664748953159936e-05,3.355426326030637483e+03,8.914829659318638733e+01,8.914829659318638244e-01
-7.715430861723437950e-02,-2.209249023847073367e-05,3.492331909368994729e+03,8.856963927855711916e+01,8.856963927855712182e-01
-7.915831663326644563e-02,-2.174795588826466397e-05,3.639804910399913751e+03,8.797595190380762631e+01,8.797595190380762542e-01
-8.116232464929851176e-02,-2.136758790833572993e-05,3.798384964998140731e+03,8.736723446893788037e+01,8.736723446893788214e-01
-8.316633266533057789e-02,-2.095595432783428150e-05,3.968625401844225962e+03,8.674348697394790975e+01,8.674348697394790308e-01
-8.517034068136264402e-02,-2.051756867260298893e-05,4.151093243084410460e+03,8.610470941883768603e+01,8.610470941883768825e-01
-8.717434869739471015e-02,-2.005682089880322035e-05,4.346369204632841502e+03,8.545090180360722343e+01,8.545090180360722654e-01
-8.917835671342677628e-02,-1.957791941252362211e-05,4.555047696047879072e+03,8.478206412825653615e+01,8.478206412825652905e-01
-9.118236472945884241e-02,-1.908484459620969422e-05,4.777736819904099320e+03,8.409819639278558157e+01,8.409819639278558467e-01
-9.318637274549090854e-02,-1.858131368766131978e-05,5.015058370569897306e+03,8.339929859719440230e+01,8.339929859719440453e-01
-9.519038076152297467e-02,-1.807075639682475732e-05,5.267647832287144411e+03,8.268537074148296995e+01,8.268537074148297750e-01
-9.719438877755504080e-02,-1.755630030681387668e-05,5.536154376433875768e+03,8.195641282565131291e+01,8.195641282565131469e-01
-9.919839679358710693e-02,-1.704076488436376895e-05,5.821240857833169684e+03,8.121242484969940278e+01,8.121242484969941611e-01
-1.012024048096191731e-01,-1.652666280898561121e-05,6.123583809950731847e+03,8.045340681362726798e+01,8.045340681362727064e-01
-1.032064128256512392e-01,-1.601620730230718379e-05,6.443873438799961150e+03,7.967935871743489429e+01,7.967935871743488940e-01
-1.052104208416833053e-01,-1.551132418022655853e-05,6.782813615345805374e+03,7.889028056112225329e+01,7.889028056112226128e-01
-1.072144288577153715e-01,-1.501366744148080542e-05,7.141121866166815380e+03,7.808617234468938761e+01,7.808617234468939738e-01
-1.092184368737474376e-01,-1.452463732959927752e-05,7.519529362098067395e+03,7.726703406813628305e+01,7.726703406813628661e-01
-1.112224448897795037e-01,-1.404539994610640665e-05,7.918780904534656656e+03,7.643286573146292540e+01,7.643286573146294005e-01
-1.132264529058115698e-01,-1.357690763935800001e-05,8.339634909025986417e+03,7.558366733466935727e+01,7.558366733466935772e-01
-1.152304609218436360e-01,-1.311991953660866526e-05,8.782863385733024188e+03,7.471943887775553605e+01,7.471943887775552851e-01
-1.172344689378757021e-01,-1.267502172060669222e-05,9.249251916253462696e+03,7.384018036072146174e+01,7.384018036072146352e-01
-1.192384769539077682e-01,-1.224264667231780528e-05,9.739599626241053556e+03,7.294589178356714854e+01,7.294589178356715164e-01
-1.212424849699398344e-01,-1.182309170628588942e-05,1.025471915315346814e+04,7.203657314629261066e+01,7.203657314629260400e-01
-1.232464929859719005e-01,-1.141653621406849379e-05,1.079543660835555056e+04,7.111222444889780547e+01,7.111222444889780947e-01
-1.252505010020039666e-01,-1.102305760457779285e-05,1.136259153267858892e+04,7.017284569138277561e+01,7.017284569138277917e-01
-1.272545090180360328e-01,-1.064264588912434390e-05,1.195703684438816526e+04,6.921843687374750687e+01,6.921843687374751308e-01
-1.292585170340680989e-01,-1.027521690500697714e-05,1.257963877833879451e+04,6.824899799599199923e+01,6.824899799599200012e-01
-1.312625250501001650e-01,-9.920624206305145599e-06,1.323127681488782036e+04,6.726452905811625271e+01,6.726452905811625138e-01
-1.332665330661322312e-01,-9.578669675826772430e-06,1.391284359689848861e+04,6.626503006012025310e+01,6.626503006012025576e-01
-1.352705410821642973e-01,-9.249112929590562262e-06,1.462524483287419571e+04,6.525050100200402881e+01,6.525050100200402436e-01
-1.372745490981963634e-01,-8.931679596283190710e-06,1.536939918392521395e+04,6.422094188376755142e+01,6.422094188376754609e-01
-1.392785571142284295e-01,-8.626068560166570478e-06,1.614623813186327607e+04,6.317635270541082804e+01,6.317635270541083203e-01
-1.412825651302604957e-01,-8.331958258071109268e-06,1.695670582523634948e+04,6.211673346693388709e+01,6.211673346693388220e-01
-1.432865731462925618e-01,-8.049012120370218894e-06,1.780175889953834849e+04,6.104208416833667883e+01,6.104208416833668549e-01
-1.452905811623246279e-01,-7.776883242991331800e-06,1.868236626713704754e+04,5.995240480961925300e+01,5.995240480961925300e-01
-1.472945891783566941e-01,-7.515218373228611763e-06,1.959950887163342486e+04,5.884769539078157408e+01,5.884769539078157363e-01
-1.492985971943887602e-01,-7.263661286897820170e-06,2.055417940036566870e+04,5.772795591182365627e+01,5.772795591182365849e-01
-1.513026052104208263e-01,-7.021855628614805347e-06,2.154738194756478333e+04,5.659318637274550667e+01,5.659318637274550756e-01
-1.533066132264528925e-01,-6.789447280991371747e-06,2.258013161920709172e+04,5.544338677354711109e+01,5.544338677354710976e-01
-1.553106212424849586e-01,-6.566086322551951074e-06,2.365345406883449323e+04,5.427855711422847662e+01,5.427855711422847618e-01
-1.573146292585170247e-01,-6.351428628344960054e-06,2.476838495145141860e+04,5.309869739478959616e+01,5.309869739478959572e-01
-1.593186372745490909e-01,-6.145137161667155607e-06,2.592596927996420345e+04,5.190380761523047681e+01,5.190380761523047948e-01
-1.613226452905811570e-01,-5.946883000111274647e-06,2.712726066538766463e+04,5.069388777555111147e+01,5.069388777555111636e-01
-1.633266533066132231e-01,-5.756346134331585563e-06,2.837332041805341578e+04,4.946893787575151435e+01,4.946893787575151746e-01
-1.653306613226452892e-01,-5.573216073520493727e-06,2.966521648212520813e+04,4.822895791583167124e+01,4.822895791583167724e-01
-1.673346693386772444e-01,-5.397192287608554469e-06,3.100402216961250087e+04,4.697394789579158925e+01,4.697394789579159569e-01
-1.693386773547093105e-01,-5.227984512635640948e-06,3.239081465245939398e+04,4.570390781563127547e+01,4.570390781563127836e-01
-1.713426853707413766e-01,-5.065312942580978374e-06,3.382667316176430904e+04,4.441883767535071570e+01,4.441883767535071970e-01
-1.733466933867734427e-01,-4.908908328170119214e-06,3.531267683122357994e+04,4.311873747494991704e+01,4.311873747494991971e-01
-1.753507014028055089e-01,-4.758512000781176732e-06,3.684990210679708980e+04,4.180360721442887950e+01,4.180360721442887839e-01
-1.773547094188375750e-01,-4.613875837537763754e-06,3.843941962544976559e+04,4.047344689378759597e+01,4.047344689378759575e-01
-1.793587174348696411e-01,-4.474762181991435811e-06,4.008229044142147904e+04,3.912825651302607355e+01,3.912825651302607177e-01
-1.813627254509017073e-01,-4.340943733458551822e-06,4.177956144720745215e+04,3.776803607214430514e+01,3.776803607214430647e-01
-1.833667334669337734e-01,-4.212203417090251459e-06,4.353225979613342497e+04,3.639278557114230495e+01,3.639278557114230539e-01
-1.853707414829658395e-01,-4.088334246137010357e-06,4.534138608116965042e+04,3.500250501002005876e+01,3.500250501002006298e-01
-1.873747494989979057e-01,-3.969139187654705428e-06,4.720790595648381714e+04,3.359719438877757369e+01,3.359719438877757924e-01
-1.893787575150299718e-01,-3.854431043143576270e-06,4.913273979875832447e+04,3.217685370741484974e+01,3.217685370741485418e-01
-1.913827655310620379e-01,-3.744032356402627919e-06,5.111674988699831010e+04,3.074148296593188689e+01,3.074148296593188778e-01
-1.933867735470941041e-01,-3.637775362351424988e-06,5.316072442199692159e+04,2.929108216432868161e+01,2.929108216432868006e-01
-1.953907815631261702e-01,-3.535501992912961645e-06,5.526535749514323106e+04,2.782565130260523389e+01,2.782565130260523656e-01
-1.973947895791582363e-01,-3.437063959550359984e-06,5.743122383005686424e+04,2.634519038076154729e+01,2.634519038076155173e-01
-1.993987975951903024e-01,-3.342322937124861385e-06,5.965874672981703770e+04,2.484969939879762535e+01,2.484969939879762557e-01
-2.014028056112223686e-01,-3.251150881010059269e-06,6.194815712417845498e+04,2.333917835671345742e+01,2.333917835671345808e-01
-2.034068136272544347e-01,-3.163430519776580904e-06,6.429944086194760166e+04,2.181362725450904705e+01,2.181362725450904927e-01
-2.054108216432865008e-01,-3.079056080635534550e-06,6.671227033997008402e+04,2.027304609218439779e+01,2.027304609218439913e-01
-2.074148296593185670e-01,-2.997934326307074353e-06,6.918591506132725044e+04,1.871743486973950965e+01,1.871743486973951043e-01
-2.094188376753506331e-01,-2.919986013328420058e-06,7.171912355725267844e+04,1.714679358717438262e+01,1.714679358717438040e-01
-2.114228456913826992e-01,-2.845147928174500524e-06,7.430996595914628415e+04,1.556112224448900783e+01,1.556112224448900905e-01
-2.134268537074147654e-01,-2.773375727179849798e-06,7.695562184949284710e+04,1.396042084168339947e+01,1.396042084168339914e-01
-2.154308617234468315e-01,-2.704647912619261194e-06,7.965209102386166342e+04,1.234468937875754868e+01,1.234468937875754790e-01
-2.174348697394788976e-01,-2.638971443022090109e-06,8.239379411035892554e+04,1.071392785571145545e+01,1.071392785571145534e-01
-2.194388777555109638e-01,-2.576389739639568489e-06,8.517301337576744845e+04,9.068136272545121557e+00,9.068136272545122833e-02
-2.214428857715430299e-01,-2.516994281369202715e-06,8.797909769230059464e+04,7.407314629258550553e+00,7.407314629258550387e-02
-2.234468937875750960e-01,-2.460941701828163583e-06,9.079731292357829807e+04,5.731462925851737111e+00,5.731462925851737306e-02
-2.254509018036071621e-01,-2.408479549042356448e-06,9.360714808363204065e+04,4.040581162324683007e+00,4.040581162324682896e-02
-2.274549098196392283e-01,-2.359986099327514536e-06,9.637976676407255582e+04,2.334669338677388684e+00,2.334669338677388892e-02
-2.294589178356712944e-01,-2.316033771971470705e-06,9.907408113498691819e+04,6.137274549098539200e-01,6.137274549098539062e-03
-2.314629258517033605e-01,-2.314617470267057091e-06,1.000005092958179011e+05,0.000000000000000000e+00,0.000000000000000000e+00
-2.334669338677354267e-01,-2.334657448364607532e-06,1.000005092958179011e+05,0.000000000000000000e+00,0.000000000000000000e+00
-2.354709418837674928e-01,-2.354697426462157550e-06,1.000005092958179011e+05,0.000000000000000000e+00,0.000000000000000000e+00
-2.374749498997995589e-01,-2.374737404559707991e-06,1.000005092958179011e+05,0.000000000000000000e+00,0.000000000000000000e+00
-2.394789579158316251e-01,-2.394777382657258432e-06,1.000005092958179011e+05,0.000000000000000000e+00,0.000000000000000000e+00
-2.414829659318636912e-01,-2.414817360754808449e-06,1.000005092958179011e+05,0.000000000000000000e+00,0.000000000000000000e+00
-2.434869739478957573e-01,-2.434857338852358890e-06,1.000005092958179011e+05,0.000000000000000000e+00,0.000000000000000000e+00
-2.454909819639278235e-01,-2.454897316949909331e-06,1.000005092958179011e+05,0.000000000000000000e+00,0.000000000000000000e+00
-2.474949899799598896e-01,-2.474937295047459349e-06,1.000005092958179011e+05,0.000000000000000000e+00,0.000000000000000000e+00
-2.494989979959919557e-01,-2.494977273145009790e-06,1.000005092958179011e+05,0.000000000000000000e+00,0.000000000000000000e+00
-2.515030060120240218e-01,-2.515017251242560231e-06,1.000005092958179011e+05,0.000000000000000000e+00,0.000000000000000000e+00
-2.535070140280560880e-01,-2.535057229340110248e-06,1.000005092958179011e+05,0.000000000000000000e+00,0.000000000000000000e+00
-2.555110220440881541e-01,-2.555097207437660689e-06,1.000005092958179011e+05,0.000000000000000000e+00,0.000000000000000000e+00
-2.575150300601202202e-01,-2.575137185535211130e-06,1.000005092958179011e+05,0.000000000000000000e+00,0.000000000000000000e+00
-2.595190380761522864e-01,-2.595177163632761148e-06,1.000005092958179011e+05,0.000000000000000000e+00,0.000000000000000000e+00
-2.615230460921843525e-01,-2.615217141730311589e-06,1.000005092958179011e+05,0.000000000000000000e+00,0.000000000000000000e+00
-2.635270541082164186e-01,-2.635257119827862030e-06,1.000005092958179011e+05,0.000000000000000000e+00,0.000000000000000000e+00
-2.655310621242484848e-01,-2.655297097925412471e-06,1.000005092958179011e+05,0.000000000000000000e+00,0.000000000000000000e+00
-2.675350701402805509e-01,-2.675337076022962488e-06,1.000005092958179011e+05,0.000000000000000000e+00,0.000000000000000000e+00
-2.695390781563125060e-01,-2.695377054120511659e-06,1.000005092958179011e+05,0.000000000000000000e+00,0.000000000000000000e+00
-2.715430861723445721e-01,-2.715417032218062100e-06,1.000005092958179011e+05,0.000000000000000000e+00,0.000000000000000000e+00
-2.735470941883766383e-01,-2.735457010315612541e-06,1.000005092958179011e+05,0.000000000000000000e+00,0.000000000000000000e+00
-2.755511022044087044e-01,-2.755496988413162558e-06,1.000005092958179011e+05,0.000000000000000000e+00,0.000000000000000000e+00
-2.775551102204407705e-01,-2.775536966510712999e-06,1.000005092958179011e+05,0.000000000000000000e+00,0.000000000000000000e+00
-2.795591182364728366e-01,-2.795576944608263440e-06,1.000005092958179011e+05,0.000000000000000000e+00,0.000000000000000000e+00
-2.815631262525049028e-01,-2.815616922705813458e-06,1.000005092958179011e+05,0.000000000000000000e+00,0.000000000000000000e+00
-2.835671342685369689e-01,-2.835656900803363899e-06,1.000005092958179011e+05,0.000000000000000000e+00,0.000000000000000000e+00
-2.855711422845690350e-01,-2.855696878900914340e-06,1.000005092958179011e+05,0.000000000000000000e+00,0.000000000000000000e+00
-2.875751503006011012e-01,-2.875736856998464357e-06,1.000005092958179011e+05,0.000000000000000000e+00,0.000000000000000000e+00
-2.895791583166331673e-01,-2.895776835096014798e-06,1.000005092958179011e+05,0.000000000000000000e+00,0.000000000000000000e+00
-2.915831663326652334e-01,-2.915816813193565239e-06,1.000005092958179011e+05,0.000000000000000000e+00,0.000000000000000000e+00
-2.935871743486972996e-01,-2.935856791291115257e-06,1.000005092958179011e+05,0.000000000000000000e+00,0.000000000000000000e+00
-2.955911823647293657e-01,-2.955896769388665698e-06,1.000005092958179011e+05,0.000000000000000000e+00,0.000000000000000000e+00
-2.975951903807614318e-01,-2.975936747486216139e-06,1.000005092958179011e+05,0.000000000000000000e+00,0.000000000000000000e+00
-2.995991983967934980e-01,-2.995976725583766156e-06,1.000005092958179011e+05,0.000000000000000000e+00,0.000000000000000000e+00
-3.016032064128255641e-01,-3.016016703681316597e-06,1.000005092958179011e+05,0.000000000000000000e+00,0.000000000000000000e+00
-3.036072144288576302e-01,-3.036056681778867038e-06,1.000005092958179011e+05,0.000000000000000000e+00,0.000000000000000000e+00
-3.056112224448896963e-01,-3.056096659876417056e-06,1.000005092958179011e+05,0.000000000000000000e+00,0.000000000000000000e+00
-3.076152304609217625e-01,-3.076136637973967497e-06,1.000005092958179011e+05,0.000000000000000000e+00,0.000000000000000000e+00
-3.096192384769538286e-01,-3.096176616071517938e-06,1.000005092958179011e+05,0.000000000000000000e+00,0.000000000000000000e+00
-3.116232464929858947e-01,-3.116216594169067955e-06,1.000005092958179011e+05,0.000000000000000000e+00,0.000000000000000000e+00
-3.136272545090179609e-01,-3.136256572266618396e-06,1.000005092958179011e+05,0.000000000000000000e+00,0.000000000000000000e+00
-3.156312625250500270e-01,-3.156296550364168837e-06,1.000005092958179011e+05,0.000000000000000000e+00,0.000000000000000000e+00
-3.176352705410820931e-01,-3.176336528461718855e-06,1.000005092958179011e+05,0.000000000000000000e+00,0.000000000000000000e+00
-3.196392785571141593e-01,-3.196376506559269296e-06,1.000005092958179011e+05,0.000000000000000000e+00,0.000000000000000000e+00
-3.216432865731462254e-01,-3.216416484656819737e-06,1.000005092958179011e+05,0.000000000000000000e+00,0.000000000000000000e+00
-3.236472945891782915e-01,-3.236456462754369755e-06,1.000005092958179011e+05,0.000000000000000000e+00,0.000000000000000000e+00
-3.256513026052103577e-01,-3.256496440851920196e-06,1.000005092958179011e+05,0.000000000000000000e+00,0.000000000000000000e+00
-3.276553106212424238e-01,-3.276536418949470637e-06,1.000005092958179011e+05,0.000000000000000000e+00,0.000000000000000000e+00
-3.296593186372744899e-01,-3.296576397047020654e-06,1.000005092958179011e+05,0.000000000000000000e+00,0.000000000000000000e+00
-3.316633266533065560e-01,-3.316616375144571095e-06,1.000005092958179011e+05,0.000000000000000000e+00,0.000000000000000000e+00
-3.336673346693386222e-01,-3.336656353242121536e-06,1.000005092958179011e+05,0.000000000000000000e+00,0.000000000000000000e+00
-3.356713426853706883e-01,-3.356696331339671554e-06,1.000005092958179011e+05,0.000000000000000000e+00,0.000000000000000000e+00
-3.376753507014027544e-01,-3.376736309437221995e-06,1.000005092958179011e+05,0.000000000000000000e+00,0.000000000000000000e+00
-3.396793587174348206e-01,-3.396776287534772436e-06,1.000005092958179011e+05,0.000000000000000000e+00,0.000000000000000000e+00
-3.416833667334668867e-01,-3.416816265632322453e-06,1.000005092958179011e+05,0.000000000000000000e+00,0.000000000000000000e+00
-3.436873747494989528e-01,-3.436856243729872894e-06,1.000005092958179011e+05,0.000000000000000000e+00,0.000000000000000000e+00
-3.456913827655310190e-01,-3.456896221827423335e-06,1.000005092958179011e+05,0.000000000000000000e+00,0.000000000000000000e+00
-3.476953907815630851e-01,-3.476936199924973353e-06,1.000005092958179011e+05,0.000000000000000000e+00,0.000000000000000000e+00
-3.496993987975951512e-01,-3.496976178022523794e-06,1.000005092958179011e+05,0.000000000000000000e+00,0.000000000000000000e+00
-3.517034068136272174e-01,-3.517016156120074235e-06,1.000005092958179011e+05,0.000000000000000000e+00,0.000000000000000000e+00
-3.537074148296592835e-01,-3.537056134217624252e-06,1.000005092958179011e+05,0.000000000000000000e+00,0.000000000000000000e+00
-3.557114228456913496e-01,-3.557096112315174693e-06,1.000005092958179011e+05,0.000000000000000000e+00,0.000000000000000000e+00
-3.577154308617234157e-01,-3.577136090412725134e-06,1.000005092958179011e+05,0.000000000000000000e+00,0.000000000000000000e+00
-3.597194388777554819e-01,-3.597176068510275152e-06,1.000005092958179011e+05,0.000000000000000000e+00,0.000000000000000000e+00
-3.617234468937875480e-01,-3.617216046607825593e-06,1.000005092958179011e+05,0.000000000000000000e+00,0.000000000000000000e+00
-3.637274549098196141e-01,-3.637256024705376034e-06,1.000005092958179011e+05,0.000000000000000000e+00,0.000000000000000000e+00
-3.657314629258516803e-01,-3.657296002802926051e-06,1.000005092958179011e+05,0.000000000000000000e+00,0.000000000000000000e+00
-3.677354709418837464e-01,-3.677335980900476492e-06,1.000005092958179011e+05,0.000000000000000000e+00,0.000000000000000000e+00
-3.697394789579158125e-01,-3.697375958998026933e-06,1.000005092958179011e+05,0.000000000000000000e+00,0.000000000000000000e+00
-3.717434869739478787e-01,-3.717415937095577374e-06,1.000005092958179011e+05,0.000000000000000000e+00,0.000000000000000000e+00
-3.737474949899798338e-01,-3.737455915193126545e-06,1.000005092958179011e+05,0.000000000000000000e+00,0.000000000000000000e+00
-3.757515030060118999e-01,-3.757495893290676562e-06,1.000005092958179011e+05,0.000000000000000000e+00,0.000000000000000000e+00
-3.777555110220439660e-01,-3.777535871388227003e-06,1.000005092958179011e+05,0.000000000000000000e+00,0.000000000000000000e+00
-3.797595190380760322e-01,-3.797575849485777444e-06,1.000005092958179011e+05,0.000000000000000000e+00,0.000000000000000000e+00
-3.817635270541080983e-01,-3.817615827583327462e-06,1.000005092958179011e+05,0.000000000000000000e+00,0.000000000000000000e+00
-3.837675350701401644e-01,-3.837655805680877479e-06,1.000005092958179011e+05,0.000000000000000000e+00,0.000000000000000000e+00
-3.857715430861722306e-01,-3.857695783778428344e-06,1.000005092958179011e+05,0.000000000000000000e+00,0.000000000000000000e+00
-3.877755511022042967e-01,-3.877735761875978361e-06,1.000005092958179011e+05,0.000000000000000000e+00,0.000000000000000000e+00
-3.897795591182363628e-01,-3.897775739973528379e-06,1.000005092958179011e+05,0.000000000000000000e+00,0.000000000000000000e+00
-3.917835671342684289e-01,-3.917815718071079243e-06,1.000005092958179011e+05,0.000000000000000000e+00,0.000000000000000000e+00
-3.937875751503004951e-01,-3.937855696168629261e-06,1.000005092958179011e+05,0.000000000000000000e+00,0.000000000000000000e+00
-3.957915831663325612e-01,-3.957895674266179278e-06,1.000005092958179011e+05,0.000000000000000000e+00,0.000000000000000000e+00
-3.977955911823646273e-01,-3.977935652363730143e-06,1.000005092958179011e+05,0.000000000000000000e+00,0.000000000000000000e+00
-3.997995991983966935e-01,-3.997975630461280160e-06,1.000005092958179011e+05,0.000000000000000000e+00,0.000000000000000000e+00
-4.018036072144287596e-01,-4.018015608558830178e-06,1.000005092958179011e+05,0.000000000000000000e+00,0.000000000000000000e+00
-4.038076152304608257e-01,-4.038055586656381042e-06,1.000005092958179011e+05,0.000000000000000000e+00,0.000000000000000000e+00
-4.058116232464928919e-01,-4.058095564753931060e-06,1.000005092958179011e+05,0.000000000000000000e+00,0.000000000000000000e+00
-4.078156312625249580e-01,-4.078135542851481077e-06,1.000005092958179011e+05,0.000000000000000000e+00,0.000000000000000000e+00
-4.098196392785570241e-01,-4.098175520949031942e-06,1.000005092958179011e+05,0.000000000000000000e+00,0.000000000000000000e+00
-4.118236472945890903e-01,-4.118215499046581960e-06,1.000005092958179011e+05,0.000000000000000000e+00,0.000000000000000000e+00
-4.138276553106211564e-01,-4.138255477144132824e-06,1.000005092958179011e+05,0.000000000000000000e+00,0.000000000000000000e+00
-4.158316633266532225e-01,-4.158295455241682842e-06,1.000005092958179011e+05,0.000000000000000000e+00,0.000000000000000000e+00
-4.178356713426852886e-01,-4.178335433339232859e-06,1.000005092958179011e+05,0.000000000000000000e+00,0.000000000000000000e+00
-4.198396793587173548e-01,-4.198375411436783724e-06,1.000005092958179011e+05,0.000000000000000000e+00,0.000000000000000000e+00
-4.218436873747494209e-01,-4.218415389534333741e-06,1.000005092958179011e+05,0.000000000000000000e+00,0.000000000000000000e+00
-4.238476953907814870e-01,-4.238455367631883759e-06,1.000005092958179011e+05,0.000000000000000000e+00,0.000000000000000000e+00
-4.258517034068135532e-01,-4.258495345729434623e-06,1.000005092958179011e+05,0.000000000000000000e+00,0.000000000000000000e+00
-4.278557114228456193e-01,-4.278535323826984641e-06,1.000005092958179011e+05,0.000000000000000000e+00,0.000000000000000000e+00
-4.298597194388776854e-01,-4.298575301924534658e-06,1.000005092958179011e+05,0.000000000000000000e+00,0.000000000000000000e+00
-4.318637274549097516e-01,-4.318615280022085523e-06,1.000005092958179011e+05,0.000000000000000000e+00,0.000000000000000000e+00
-4.338677354709418177e-01,-4.338655258119635540e-06,1.000005092958179011e+05,0.000000000000000000e+00,0.000000000000000000e+00
-4.358717434869738838e-01,-4.358695236217185558e-06,1.000005092958179011e+05,0.000000000000000000e+00,0.000000000000000000e+00
-4.378757515030059499e-01,-4.378735214314736422e-06,1.000005092958179011e+05,0.000000000000000000e+00,0.000000000000000000e+00
-4.398797595190380161e-01,-4.398775192412286440e-06,1.000005092958179011e+05,0.000000000000000000e+00,0.000000000000000000e+00
-4.418837675350700822e-01,-4.418815170509836457e-06,1.000005092958179011e+05,0.000000000000000000e+00,0.000000000000000000e+00
-4.438877755511021483e-01,-4.438855148607387322e-06,1.000005092958179011e+05,0.000000000000000000e+00,0.000000000000000000e+00
-4.458917835671342145e-01,-4.458895126704937339e-06,1.000005092958179011e+05,0.000000000000000000e+00,0.000000000000000000e+00
-4.478957915831662806e-01,-4.478935104802487357e-06,1.000005092958179011e+05,0.000000000000000000e+00,0.000000000000000000e+00
-4.498997995991983467e-01,-4.498975082900038221e-06,1.000005092958179011e+05,0.000000000000000000e+00,0.000000000000000000e+00
-4.519038076152304129e-01,-4.519015060997588239e-06,1.000005092958179011e+05,0.000000000000000000e+00,0.000000000000000000e+00
-4.539078156312624790e-01,-4.539055039095138256e-06,1.000005092958179011e+05,0.000000000000000000e+00,0.000000000000000000e+00
-4.559118236472945451e-01,-4.559095017192689121e-06,1.000005092958179011e+05,0.000000000000000000e+00,0.000000000000000000e+00
-4.579158316633266113e-01,-4.579134995290239138e-06,1.000005092958179011e+05,0.000000000000000000e+00,0.000000000000000000e+00
-4.599198396793586774e-01,-4.599174973387789156e-06,1.000005092958179011e+05,0.000000000000000000e+00,0.000000000000000000e+00
-4.619238476953907435e-01,-4.619214951485340020e-06,1.000005092958179011e+05,0.000000000000000000e+00,0.000000000000000000e+00
-4.639278557114228096e-01,-4.639254929582890038e-06,1.000005092958179011e+05,0.000000000000000000e+00,0.000000000000000000e+00
-4.659318637274548758e-01,-4.659294907680440055e-06,1.000005092958179011e+05,0.000000000000000000e+00,0.000000000000000000e+00
-4.679358717434869419e-01,-4.679334885777990920e-06,1.000005092958179011e+05,0.000000000000000000e+00,0.000000000000000000e+00
-4.699398797595190080e-01,-4.699374863875540937e-06,1.000005092958179011e+05,0.000000000000000000e+00,0.000000000000000000e+00
-4.719438877755510742e-01,-4.719414841973090955e-06,1.000005092958179011e+05,0.000000000000000000e+00,0.000000000000000000e+00
-4.739478957915831403e-01,-4.739454820070641819e-06,1.000005092958179011e+05,0.000000000000000000e+00,0.000000000000000000e+00
-4.759519038076150954e-01,-4.759494798168190990e-06,1.000005092958179011e+05,0.000000000000000000e+00,0.000000000000000000e+00
-4.779559118236471615e-01,-4.779534776265741007e-06,1.000005092958179011e+05,0.000000000000000000e+00,0.000000000000000000e+00
-4.799599198396792277e-01,-4.799574754363291025e-06,1.000005092958179011e+05,0.000000000000000000e+00,0.000000000000000000e+00
-4.819639278557112938e-01,-4.819614732460841889e-06,1.000005092958179011e+05,0.000000000000000000e+00,0.000000000000000000e+00
-4.839679358717433599e-01,-4.839654710558391907e-06,1.000005092958179011e+05,0.000000000000000000e+00,0.000000000000000000e+00
-4.859719438877754261e-01,-4.859694688655941924e-06,1.000005092958179011e+05,0.000000000000000000e+00,0.000000000000000000e+00
-4.879759519038074922e-01,-4.879734666753492789e-06,1.000005092958179011e+05,0.000000000000000000e+00,0.000000000000000000e+00
-4.899799599198395583e-01,-4.899774644851042806e-06,1.000005092958179011e+05,0.000000000000000000e+00,0.000000000000000000e+00
-4.919839679358716245e-01,-4.919814622948592824e-06,1.000005092958179011e+05,0.000000000000000000e+00,0.000000000000000000e+00
-4.939879759519036906e-01,-4.939854601046143688e-06,1.000005092958179011e+05,0.000000000000000000e+00,0.000000000000000000e+00
-4.959919839679357567e-01,-4.959894579143693706e-06,1.000005092958179011e+05,0.000000000000000000e+00,0.000000000000000000e+00
-4.979959919839678228e-01,-4.979934557241243723e-06,1.000005092958179011e+05,0.000000000000000000e+00,0.000000000000000000e+00
-5.000000000000000000e-01,-4.999974535338795435e-06,1.000005092958179011e+05,0.000000000000000000e+00,0.000000000000000000e+00
